#options: 1920x1080 fps=30/1 timebase=1/30 bitdepth=8 cabac=1 ref=1 deblock=1:0:0 analyse=0x1:0 me=dia subme=2 psy=1 psy_rd=1.00:0.00 mixed_ref=0 me_range=16 chroma_me=1 trellis=0 8x8dct=0 cqm=0 deadzone=21,11 fast_pskip=1 chroma_qp_offset=0 threads=15 lookahead_threads=5 sliced_threads=0 nr=0 decimate=1 interlaced=0 bluray_compat=0 constrained_intra=0 bframes=3 b_pyramid=2 b_adapt=1 b_bias=0 direct=3 weightb=1 open_gop=0 weightp=2 keyint=250 keyint_min=25 scenecut=40 intra_refresh=0 rc_lookahead=50 rc=abr mbtree=1 bitrate=11800 ratetol=1.0 qcomp=0.60 qpmin=0 qpmax=69 qpstep=4 ip_ratio=1.40 aq=1:1.00
in:0 out:0 type:I dur:2 cpbdur:2 q:18.15 aq:13.88 tex:1170074 mv:393490 misc:308 imb:8160 pmb:0 smb:0 d:- ref:;
in:1 out:1 type:P dur:2 cpbdur:2 q:18.82 aq:14.89 tex:1515869 mv:49860 misc:551 imb:6163 pmb:1997 smb:0 d:- ref:0 ;
in:2 out:2 type:P dur:2 cpbdur:2 q:19.19 aq:14.94 tex:1417747 mv:37795 misc:514 imb:7159 pmb:1001 smb:0 d:- ref:0 ;
in:3 out:3 type:P dur:2 cpbdur:2 q:19.51 aq:15.33 tex:1373488 mv:40737 misc:503 imb:6925 pmb:1235 smb:0 d:- ref:0 ;
in:4 out:4 type:P dur:2 cpbdur:2 q:19.80 aq:15.50 tex:1301074 mv:43690 misc:524 imb:6687 pmb:1473 smb:0 d:- ref:0 w:6,63,0 ;
in:5 out:5 type:P dur:2 cpbdur:2 q:20.06 aq:15.80 tex:1267734 mv:42634 misc:480 imb:6770 pmb:1390 smb:0 d:- ref:0 ;
in:6 out:6 type:P dur:2 cpbdur:2 q:20.30 aq:16.03 tex:1232899 mv:40990 misc:495 imb:6904 pmb:1256 smb:0 d:- ref:0 ;
in:7 out:7 type:P dur:2 cpbdur:2 q:20.53 aq:16.37 tex:1262994 mv:43440 misc:494 imb:6715 pmb:1444 smb:1 d:- ref:0 ;
in:8 out:8 type:P dur:2 cpbdur:2 q:20.76 aq:16.51 tex:1140024 mv:38664 misc:536 imb:7067 pmb:1093 smb:0 d:- ref:0 ;
in:9 out:9 type:P dur:2 cpbdur:2 q:20.95 aq:16.73 tex:1112390 mv:43040 misc:522 imb:6718 pmb:1442 smb:0 d:- ref:0 ;
in:10 out:10 type:P dur:2 cpbdur:2 q:21.14 aq:16.84 tex:1079844 mv:42833 misc:539 imb:6769 pmb:1391 smb:0 d:- ref:0 ;
in:11 out:11 type:P dur:2 cpbdur:2 q:21.32 aq:17.02 tex:1054586 mv:43184 misc:542 imb:6688 pmb:1472 smb:0 d:- ref:0 ;
in:12 out:12 type:P dur:2 cpbdur:2 q:21.49 aq:17.15 tex:1022629 mv:42652 misc:559 imb:6741 pmb:1419 smb:0 d:- ref:0 ;
in:13 out:13 type:P dur:2 cpbdur:2 q:21.64 aq:17.33 tex:1028601 mv:45129 misc:542 imb:6539 pmb:1621 smb:0 d:- ref:0 ;
in:14 out:14 type:P dur:2 cpbdur:2 q:21.80 aq:17.43 tex:992734 mv:42548 misc:550 imb:6760 pmb:1400 smb:0 d:- ref:0 ;
in:15 out:15 type:P dur:2 cpbdur:2 q:29.66 aq:25.57 tex:198158 mv:38307 misc:1215 imb:7172 pmb:868 smb:120 d:- ref:0 ;
in:16 out:16 type:P dur:2 cpbdur:2 q:31.56 aq:27.27 tex:70589 mv:18170 misc:7921 imb:4188 pmb:485 smb:3487 d:- ref:0 ;
in:17 out:17 type:P dur:2 cpbdur:2 q:32.29 aq:28.03 tex:39873 mv:10069 misc:7594 imb:2545 pmb:278 smb:5337 d:- ref:0 ;
in:18 out:18 type:P dur:2 cpbdur:2 q:32.71 aq:28.39 tex:26302 mv:6573 misc:6645 imb:1823 pmb:179 smb:6158 d:- ref:0 ;
in:19 out:19 type:P dur:2 cpbdur:2 q:32.95 aq:28.78 tex:21970 mv:5212 misc:5930 imb:1474 pmb:137 smb:6549 d:- ref:0 ;
in:20 out:20 type:P dur:2 cpbdur:2 q:33.12 aq:28.89 tex:17363 mv:4182 misc:5407 imb:1211 pmb:127 smb:6822 d:- ref:0 ;
in:21 out:21 type:P dur:2 cpbdur:2 q:33.24 aq:29.06 tex:14501 mv:3602 misc:4769 imb:997 pmb:118 smb:7045 d:- ref:0 ;
in:22 out:22 type:P dur:2 cpbdur:2 q:33.39 aq:29.14 tex:11751 mv:2952 misc:4377 imb:825 pmb:112 smb:7223 d:- ref:0 ;
in:23 out:23 type:P dur:2 cpbdur:2 q:33.42 aq:29.47 tex:10589 mv:2588 misc:3911 imb:708 pmb:96 smb:7356 d:- ref:0 ;
in:24 out:24 type:P dur:2 cpbdur:2 q:33.44 aq:29.09 tex:10814 mv:2741 misc:4053 imb:768 pmb:93 smb:7299 d:- ref:0 ;
in:25 out:25 type:P dur:2 cpbdur:2 q:33.45 aq:29.37 tex:10423 mv:2558 misc:4003 imb:727 pmb:101 smb:7332 d:- ref:0 ;
in:26 out:26 type:P dur:2 cpbdur:2 q:33.46 aq:29.30 tex:10048 mv:2489 misc:3847 imb:701 pmb:94 smb:7365 d:- ref:0 ;
in:27 out:27 type:P dur:2 cpbdur:2 q:33.45 aq:29.35 tex:10245 mv:2415 misc:3724 imb:656 pmb:88 smb:7416 d:- ref:0 ;
in:28 out:28 type:P dur:2 cpbdur:2 q:33.46 aq:29.34 tex:9276 mv:2283 misc:3521 imb:611 pmb:80 smb:7469 d:- ref:0 ;
in:29 out:29 type:P dur:2 cpbdur:2 q:33.45 aq:29.56 tex:13825 mv:2656 misc:3807 imb:683 pmb:110 smb:7367 d:- ref:0 ;
in:30 out:30 type:P dur:2 cpbdur:2 q:33.16 aq:28.88 tex:13771 mv:3083 misc:4410 imb:837 pmb:124 smb:7199 d:- ref:0 ;
in:31 out:31 type:P dur:2 cpbdur:2 q:32.67 aq:28.26 tex:27770 mv:6367 misc:6167 imb:1493 pmb:266 smb:6401 d:- ref:0 ;
in:32 out:32 type:P dur:2 cpbdur:2 q:32.15 aq:27.79 tex:35870 mv:8224 misc:7210 imb:2031 pmb:324 smb:5805 d:- ref:0 ;
in:33 out:33 type:P dur:2 cpbdur:2 q:31.62 aq:27.35 tex:52203 mv:11458 misc:7827 imb:2632 pmb:439 smb:5089 d:- ref:0 ;
in:34 out:34 type:P dur:2 cpbdur:2 q:31.10 aq:26.90 tex:71491 mv:15012 misc:8249 imb:3359 pmb:543 smb:4258 d:- ref:0 ;
in:35 out:35 type:P dur:2 cpbdur:2 q:30.59 aq:26.27 tex:99924 mv:20396 misc:7912 imb:4252 pmb:765 smb:3143 d:- ref:0 ;
in:36 out:36 type:P dur:2 cpbdur:2 q:30.10 aq:25.61 tex:136167 mv:27861 misc:6452 imb:5130 pmb:1083 smb:1947 d:- ref:0 ;
in:37 out:37 type:P dur:2 cpbdur:2 q:29.62 aq:25.21 tex:173213 mv:34050 misc:4729 imb:5592 pmb:1461 smb:1107 d:- ref:0 ;
in:38 out:38 type:P dur:2 cpbdur:2 q:29.16 aq:24.73 tex:205873 mv:37927 misc:3216 imb:6035 pmb:1569 smb:556 d:- ref:0 ;
in:39 out:39 type:P dur:2 cpbdur:2 q:28.72 aq:24.24 tex:229302 mv:40369 misc:2497 imb:6073 pmb:1725 smb:362 d:- ref:0 ;
in:40 out:40 type:P dur:2 cpbdur:2 q:28.29 aq:23.84 tex:258505 mv:41273 misc:2190 imb:6074 pmb:1776 smb:310 d:- ref:0 ;
in:41 out:41 type:I dur:2 cpbdur:2 q:26.84 aq:22.48 tex:480037 mv:44977 misc:242 imb:8160 pmb:0 smb:0 d:- ref:;
in:45 out:42 type:P dur:2 cpbdur:2 q:27.61 aq:23.09 tex:348834 mv:39202 misc:892 imb:6867 pmb:1221 smb:72 d:- ref:0 ;
in:43 out:43 type:B dur:2 cpbdur:2 q:27.61 aq:23.28 tex:259898 mv:64374 misc:2760 imb:3622 pmb:4117 smb:421 d:t ref:0 ;
in:42 out:44 type:b dur:2 cpbdur:2 q:27.61 aq:23.39 tex:225055 mv:67074 misc:3055 imb:3774 pmb:3876 smb:510 d:s ref:0 ;
in:44 out:45 type:b dur:2 cpbdur:2 q:27.61 aq:23.27 tex:227696 mv:64180 misc:3388 imb:3535 pmb:4034 smb:591 d:- ref:0 ;
in:49 out:46 type:P dur:2 cpbdur:2 q:26.25 aq:21.76 tex:468475 mv:42861 misc:736 imb:6285 pmb:1847 smb:28 d:- ref:0 ;
in:47 out:47 type:B dur:2 cpbdur:2 q:26.93 aq:22.50 tex:287309 mv:70287 misc:2164 imb:3511 pmb:4350 smb:299 d:t ref:0 ;
in:46 out:48 type:b dur:2 cpbdur:2 q:27.27 aq:23.01 tex:251077 mv:67069 misc:2614 imb:3479 pmb:4262 smb:419 d:s ref:0 ;
in:48 out:49 type:b dur:2 cpbdur:2 q:26.59 aq:22.31 tex:321468 mv:75501 misc:1607 imb:3556 pmb:4386 smb:218 d:- ref:0 ;
in:53 out:50 type:P dur:2 cpbdur:2 q:25.48 aq:20.87 tex:555664 mv:43843 misc:685 imb:6165 pmb:1989 smb:6 d:- ref:0 ;
in:51 out:51 type:B dur:2 cpbdur:2 q:25.86 aq:21.68 tex:451191 mv:73751 misc:1042 imb:4021 pmb:4035 smb:104 d:t ref:0 ;
in:50 out:52 type:b dur:2 cpbdur:2 q:26.05 aq:21.92 tex:362221 mv:79225 misc:1210 imb:4254 pmb:3762 smb:144 d:s ref:0 ;
in:52 out:53 type:b dur:2 cpbdur:2 q:25.67 aq:21.26 tex:345491 mv:83340 misc:1617 imb:3714 pmb:4214 smb:232 d:- ref:0 ;
in:57 out:54 type:P dur:2 cpbdur:2 q:25.40 aq:20.99 tex:596172 mv:41639 misc:797 imb:6299 pmb:1835 smb:26 d:- ref:0 ;
in:55 out:55 type:B dur:2 cpbdur:2 q:25.44 aq:21.10 tex:435795 mv:85486 misc:1063 imb:3281 pmb:4745 smb:134 d:t ref:0 ;
in:54 out:56 type:b dur:2 cpbdur:2 q:25.46 aq:21.21 tex:391361 mv:84205 misc:1338 imb:3526 pmb:4430 smb:204 d:s ref:0 ;
in:56 out:57 type:b dur:2 cpbdur:2 q:25.42 aq:21.01 tex:384332 mv:83052 misc:1440 imb:3955 pmb:3962 smb:243 d:- ref:0 ;
in:61 out:58 type:P dur:2 cpbdur:2 q:25.66 aq:21.25 tex:519235 mv:51184 misc:773 imb:5656 pmb:2475 smb:29 d:s ref:0 ;
in:59 out:59 type:B dur:2 cpbdur:2 q:25.53 aq:21.17 tex:423757 mv:85238 misc:1141 imb:3745 pmb:4277 smb:138 d:t ref:0 ;
in:58 out:60 type:b dur:2 cpbdur:2 q:25.47 aq:21.44 tex:426363 mv:83741 misc:1160 imb:3650 pmb:4331 smb:179 d:s ref:0 ;
in:60 out:61 type:b dur:2 cpbdur:2 q:25.60 aq:21.33 tex:393147 mv:83306 misc:1387 imb:3643 pmb:4287 smb:230 d:- ref:0 ;
in:65 out:62 type:P dur:2 cpbdur:2 q:25.85 aq:21.48 tex:495572 mv:44784 misc:876 imb:6173 pmb:1939 smb:48 d:s ref:0 ;
in:63 out:63 type:B dur:2 cpbdur:2 q:25.75 aq:21.55 tex:449684 mv:81158 misc:1150 imb:3869 pmb:4133 smb:158 d:s ref:0 ;
in:62 out:64 type:b dur:2 cpbdur:2 q:25.71 aq:21.67 tex:395065 mv:82897 misc:1278 imb:3831 pmb:4108 smb:221 d:s ref:0 ;
in:64 out:65 type:b dur:2 cpbdur:2 q:25.80 aq:21.72 tex:396938 mv:82975 misc:1231 imb:3815 pmb:4121 smb:224 d:- ref:0 ;
in:69 out:66 type:P dur:2 cpbdur:2 q:26.20 aq:21.94 tex:507185 mv:40965 misc:866 imb:6403 pmb:1707 smb:50 d:s ref:0 ;
in:67 out:67 type:B dur:2 cpbdur:2 q:26.02 aq:21.94 tex:437474 mv:82162 misc:1156 imb:3475 pmb:4509 smb:176 d:t ref:0 ;
in:66 out:68 type:b dur:2 cpbdur:2 q:25.93 aq:21.89 tex:413685 mv:80499 misc:1216 imb:3850 pmb:4091 smb:219 d:s ref:0 ;
in:68 out:69 type:b dur:2 cpbdur:2 q:26.11 aq:21.89 tex:405238 mv:78305 misc:1193 imb:4167 pmb:3789 smb:204 d:- ref:0 ;
in:73 out:70 type:P dur:2 cpbdur:2 q:26.56 aq:22.54 tex:467803 mv:44556 misc:825 imb:6161 pmb:1955 smb:44 d:s ref:0 ;
in:71 out:71 type:B dur:2 cpbdur:2 q:26.38 aq:22.13 tex:379466 mv:80926 misc:1384 imb:3843 pmb:4099 smb:218 d:t ref:0 ;
in:70 out:72 type:b dur:2 cpbdur:2 q:26.29 aq:22.07 tex:387405 mv:81634 misc:1329 imb:3869 pmb:4046 smb:245 d:s ref:0 ;
in:72 out:73 type:b dur:2 cpbdur:2 q:26.47 aq:22.21 tex:380749 mv:80103 misc:1388 imb:3932 pmb:3974 smb:254 d:- ref:0 ;
in:77 out:74 type:P dur:2 cpbdur:2 q:26.86 aq:22.68 tex:413770 mv:39930 misc:844 imb:6634 pmb:1470 smb:56 d:s ref:0 ;
in:75 out:75 type:B dur:2 cpbdur:2 q:26.71 aq:22.55 tex:370744 mv:74468 misc:1412 imb:4002 pmb:3916 smb:242 d:t ref:0 ;
in:74 out:76 type:b dur:2 cpbdur:2 q:26.63 aq:22.50 tex:352328 mv:74956 misc:1540 imb:4042 pmb:3823 smb:295 d:s ref:0 ;
in:76 out:77 type:b dur:2 cpbdur:2 q:26.79 aq:22.79 tex:322211 mv:72566 misc:1831 imb:3794 pmb:4024 smb:342 d:- ref:0 ;
in:81 out:78 type:P dur:2 cpbdur:2 q:27.13 aq:22.99 tex:410000 mv:38698 misc:934 imb:6608 pmb:1475 smb:77 d:s ref:0 ;
in:79 out:79 type:B dur:2 cpbdur:2 q:27.00 aq:22.98 tex:336295 mv:71449 misc:1656 imb:3310 pmb:4551 smb:299 d:t ref:0 ;
in:78 out:80 type:b dur:2 cpbdur:2 q:26.93 aq:22.87 tex:330937 mv:71274 misc:1781 imb:3799 pmb:4029 smb:332 d:s ref:0 ;
in:80 out:81 type:b dur:2 cpbdur:2 q:27.06 aq:23.01 tex:293222 mv:70092 misc:2094 imb:3771 pmb:3999 smb:390 d:- ref:0 ;
in:85 out:82 type:P dur:2 cpbdur:2 q:27.37 aq:23.34 tex:384634 mv:42367 misc:991 imb:6200 pmb:1868 smb:92 d:s ref:0 ;
in:83 out:83 type:B dur:2 cpbdur:2 q:27.25 aq:23.08 tex:293391 mv:70893 misc:2020 imb:3575 pmb:4222 smb:363 d:t ref:0 ;
in:82 out:84 type:b dur:2 cpbdur:2 q:27.19 aq:23.05 tex:287951 mv:70924 misc:2173 imb:3650 pmb:4096 smb:414 d:s ref:0 ;
in:84 out:85 type:b dur:2 cpbdur:2 q:27.31 aq:23.15 tex:281618 mv:68765 misc:2393 imb:3620 pmb:4096 smb:444 d:- ref:0 ;
in:89 out:86 type:P dur:2 cpbdur:2 q:27.55 aq:23.32 tex:349219 mv:40497 misc:1244 imb:6459 pmb:1532 smb:169 d:s ref:0 ;
in:87 out:87 type:B dur:2 cpbdur:2 q:27.46 aq:23.51 tex:305058 mv:67253 misc:2049 imb:3421 pmb:4378 smb:361 d:s ref:0 ;
in:86 out:88 type:b dur:2 cpbdur:2 q:27.41 aq:23.19 tex:281329 mv:68040 misc:2471 imb:3880 pmb:3810 smb:470 d:s ref:0 ;
in:88 out:89 type:b dur:2 cpbdur:2 q:27.51 aq:23.67 tex:255794 mv:67508 misc:2778 imb:3622 pmb:3994 smb:544 d:- ref:0 ;
in:93 out:90 type:P dur:2 cpbdur:2 q:27.67 aq:23.74 tex:361564 mv:40124 misc:1176 imb:6364 pmb:1618 smb:178 d:s ref:0 ;
in:91 out:91 type:B dur:2 cpbdur:2 q:27.61 aq:23.57 tex:281687 mv:68622 misc:2403 imb:3034 pmb:4694 smb:432 d:s ref:0 ;
in:90 out:92 type:b dur:2 cpbdur:2 q:27.58 aq:23.45 tex:266027 mv:66978 misc:2587 imb:3415 pmb:4238 smb:507 d:s ref:0 ;
in:92 out:93 type:b dur:2 cpbdur:2 q:27.64 aq:23.72 tex:248620 mv:66101 misc:3023 imb:3644 pmb:3922 smb:594 d:- ref:0 ;
in:97 out:94 type:P dur:2 cpbdur:2 q:27.72 aq:23.68 tex:356790 mv:41951 misc:1099 imb:6236 pmb:1739 smb:185 d:s ref:0 ;
in:95 out:95 type:B dur:2 cpbdur:2 q:27.70 aq:23.68 tex:242534 mv:68408 misc:2810 imb:3428 pmb:4206 smb:526 d:t ref:0 ;
in:94 out:96 type:b dur:2 cpbdur:2 q:27.68 aq:23.67 tex:255690 mv:65886 misc:2904 imb:3630 pmb:3969 smb:561 d:s ref:0 ;
in:96 out:97 type:b dur:2 cpbdur:2 q:27.71 aq:23.56 tex:263751 mv:66016 misc:2793 imb:3590 pmb:4035 smb:535 d:- ref:0 ;
in:101 out:98 type:P dur:2 cpbdur:2 q:27.72 aq:23.66 tex:322369 mv:40928 misc:1343 imb:6405 pmb:1520 smb:235 d:s ref:0 ;
in:99 out:99 type:B dur:2 cpbdur:2 q:27.72 aq:23.67 tex:287157 mv:67366 misc:2117 imb:3306 pmb:4470 smb:384 d:t ref:0 ;
in:98 out:100 type:b dur:2 cpbdur:2 q:27.72 aq:23.52 tex:266864 mv:66415 misc:2561 imb:3759 pmb:3901 smb:500 d:s ref:0 ;
in:100 out:101 type:b dur:2 cpbdur:2 q:27.72 aq:23.77 tex:245317 mv:65346 misc:3113 imb:3501 pmb:4043 smb:616 d:- ref:0 ;
in:105 out:102 type:P dur:2 cpbdur:2 q:27.67 aq:23.90 tex:348543 mv:40738 misc:1383 imb:6250 pmb:1718 smb:192 d:s ref:0 w:7,123,1 ;
in:103 out:103 type:B dur:2 cpbdur:2 q:27.69 aq:23.67 tex:273182 mv:67606 misc:2500 imb:3060 pmb:4643 smb:457 d:t ref:0 ;
in:102 out:104 type:b dur:2 cpbdur:2 q:27.71 aq:23.84 tex:232541 mv:64612 misc:3487 imb:3397 pmb:4052 smb:711 d:s ref:0 ;
in:104 out:105 type:b dur:2 cpbdur:2 q:27.68 aq:23.58 tex:267584 mv:67155 misc:2645 imb:3705 pmb:3957 smb:498 d:- ref:0 ;
in:108 out:106 type:P dur:2 cpbdur:2 q:27.61 aq:23.73 tex:347992 mv:37508 misc:1260 imb:6672 pmb:1361 smb:127 d:s ref:0 w:7,105,6,5,29,12,32,0 ;
in:106 out:107 type:B dur:2 cpbdur:2 q:27.65 aq:23.72 tex:258967 mv:65210 misc:2751 imb:3776 pmb:3864 smb:520 d:t ref:0 ;
in:107 out:108 type:b dur:2 cpbdur:2 q:27.63 aq:23.91 tex:232096 mv:63723 misc:3253 imb:3096 pmb:4444 smb:620 d:- ref:0 ;
in:109 out:109 type:P dur:2 cpbdur:2 q:27.57 aq:23.47 tex:367801 mv:43882 misc:1005 imb:6193 pmb:1874 smb:93 d:s ref:0 w:7,113,4,5,32,0,29,11 ;
in:110 out:110 type:P dur:2 cpbdur:2 q:27.54 aq:23.37 tex:332304 mv:42848 misc:1320 imb:6247 pmb:1802 smb:111 d:s ref:0 w:7,107,5,7,116,12,115,13 ;
in:111 out:111 type:P dur:2 cpbdur:2 q:27.52 aq:23.34 tex:347571 mv:42658 misc:1115 imb:6150 pmb:1925 smb:85 d:s ref:0 w:6,55,4 ;
in:112 out:112 type:P dur:2 cpbdur:2 q:27.50 aq:23.22 tex:338652 mv:42126 misc:1150 imb:6241 pmb:1823 smb:96 d:s ref:0 w:7,113,4 ;
in:113 out:113 type:P dur:2 cpbdur:2 q:27.49 aq:23.14 tex:340400 mv:46952 misc:816 imb:6188 pmb:1919 smb:53 d:s ref:0 w:7,119,2,4,16,0,11,39 ;
in:114 out:114 type:P dur:2 cpbdur:2 q:27.49 aq:23.12 tex:335315 mv:43472 misc:1173 imb:6313 pmb:1739 smb:108 d:s ref:0 ;
in:115 out:115 type:P dur:2 cpbdur:2 q:27.48 aq:23.14 tex:347349 mv:42486 misc:1109 imb:6436 pmb:1628 smb:96 d:s ref:0 ;
in:116 out:116 type:P dur:2 cpbdur:2 q:27.46 aq:23.38 tex:370910 mv:42126 misc:1036 imb:6301 pmb:1770 smb:89 d:s ref:0 ;
in:117 out:117 type:P dur:2 cpbdur:2 q:27.46 aq:23.18 tex:339261 mv:42053 misc:958 imb:6608 pmb:1484 smb:68 d:s ref:0 ;
in:118 out:118 type:P dur:2 cpbdur:2 q:27.45 aq:23.09 tex:313239 mv:43431 misc:1122 imb:6367 pmb:1682 smb:111 d:s ref:0 ;
in:119 out:119 type:P dur:2 cpbdur:2 q:27.42 aq:23.14 tex:309448 mv:43445 misc:1251 imb:6275 pmb:1775 smb:110 d:s ref:0 w:7,119,2 ;
in:120 out:120 type:P dur:2 cpbdur:2 q:27.41 aq:22.83 tex:413788 mv:45581 misc:519 imb:8160 pmb:0 smb:0 d:s ref:0 ;
in:121 out:121 type:P dur:2 cpbdur:2 q:27.41 aq:23.26 tex:331872 mv:61012 misc:1284 imb:5042 pmb:3009 smb:109 d:s ref:0 ;
in:122 out:122 type:P dur:2 cpbdur:2 q:27.40 aq:23.13 tex:332708 mv:57607 misc:1125 imb:5624 pmb:2455 smb:81 d:s ref:0 ;
in:123 out:123 type:P dur:2 cpbdur:2 q:27.38 aq:23.08 tex:338558 mv:57349 misc:1133 imb:5527 pmb:2541 smb:92 d:s ref:0 ;
in:124 out:124 type:P dur:2 cpbdur:2 q:27.39 aq:23.03 tex:327012 mv:57690 misc:1122 imb:5474 pmb:2602 smb:84 d:s ref:0 ;
in:125 out:125 type:P dur:2 cpbdur:2 q:27.39 aq:23.14 tex:332122 mv:57827 misc:1179 imb:5367 pmb:2700 smb:93 d:s ref:0 ;
in:126 out:126 type:P dur:2 cpbdur:2 q:27.40 aq:23.02 tex:321816 mv:57200 misc:1232 imb:5471 pmb:2584 smb:105 d:s ref:0 ;
in:127 out:127 type:P dur:2 cpbdur:2 q:27.41 aq:23.16 tex:329083 mv:57614 misc:1255 imb:5350 pmb:2701 smb:109 d:s ref:0 ;
in:128 out:128 type:P dur:2 cpbdur:2 q:27.41 aq:23.08 tex:320619 mv:57545 misc:1228 imb:5473 pmb:2586 smb:101 d:s ref:0 ;
in:129 out:129 type:P dur:2 cpbdur:2 q:27.42 aq:23.07 tex:321398 mv:57744 misc:1186 imb:5310 pmb:2752 smb:98 d:s ref:0 ;
in:130 out:130 type:P dur:2 cpbdur:2 q:27.43 aq:23.02 tex:312423 mv:57674 misc:1319 imb:5384 pmb:2663 smb:113 d:s ref:0 ;
in:131 out:131 type:P dur:2 cpbdur:2 q:27.44 aq:23.14 tex:315651 mv:58162 misc:1291 imb:5247 pmb:2795 smb:118 d:s ref:0 ;
in:132 out:132 type:P dur:2 cpbdur:2 q:27.45 aq:23.04 tex:308644 mv:57711 misc:1261 imb:5416 pmb:2636 smb:108 d:s ref:0 ;
in:133 out:133 type:P dur:2 cpbdur:2 q:27.44 aq:23.07 tex:320189 mv:57898 misc:1289 imb:5348 pmb:2704 smb:108 d:s ref:0 ;
in:134 out:134 type:P dur:2 cpbdur:2 q:27.44 aq:23.12 tex:317263 mv:57261 misc:1252 imb:5361 pmb:2691 smb:108 d:s ref:0 ;
in:135 out:135 type:P dur:2 cpbdur:2 q:27.47 aq:23.07 tex:313324 mv:58006 misc:1254 imb:5367 pmb:2680 smb:113 d:s ref:0 ;
in:136 out:136 type:P dur:2 cpbdur:2 q:27.48 aq:23.12 tex:314188 mv:58038 misc:1294 imb:5291 pmb:2747 smb:122 d:s ref:0 ;
in:137 out:137 type:P dur:2 cpbdur:2 q:27.48 aq:23.04 tex:303495 mv:58151 misc:1394 imb:5286 pmb:2739 smb:135 d:s ref:0 ;
in:138 out:138 type:P dur:2 cpbdur:2 q:27.49 aq:23.07 tex:304604 mv:58026 misc:1362 imb:5271 pmb:2762 smb:127 d:s ref:0 ;
in:139 out:139 type:P dur:2 cpbdur:2 q:27.49 aq:23.14 tex:307651 mv:57870 misc:1455 imb:5332 pmb:2691 smb:137 d:s ref:0 ;
in:140 out:140 type:P dur:2 cpbdur:2 q:27.50 aq:23.13 tex:313015 mv:57321 misc:1392 imb:5299 pmb:2727 smb:134 d:s ref:0 ;
in:141 out:141 type:P dur:2 cpbdur:2 q:27.50 aq:23.10 tex:308867 mv:57801 misc:1364 imb:5349 pmb:2683 smb:128 d:s ref:0 ;
in:142 out:142 type:P dur:2 cpbdur:2 q:27.50 aq:23.15 tex:310618 mv:57297 misc:1445 imb:5269 pmb:2748 smb:143 d:s ref:0 ;
in:143 out:143 type:P dur:2 cpbdur:2 q:27.50 aq:23.10 tex:318195 mv:57863 misc:1342 imb:5284 pmb:2753 smb:123 d:s ref:0 ;
in:144 out:144 type:P dur:2 cpbdur:2 q:27.49 aq:23.10 tex:309269 mv:57687 misc:1388 imb:5317 pmb:2710 smb:133 d:s ref:0 ;
in:145 out:145 type:P dur:2 cpbdur:2 q:27.49 aq:23.31 tex:354281 mv:55604 misc:1203 imb:5224 pmb:2832 smb:104 d:s ref:0 ;
in:146 out:146 type:P dur:2 cpbdur:2 q:27.49 aq:23.00 tex:305740 mv:57392 misc:1364 imb:5525 pmb:2508 smb:127 d:s ref:0 ;
in:147 out:147 type:P dur:2 cpbdur:2 q:27.48 aq:22.98 tex:293322 mv:58360 misc:1606 imb:5152 pmb:2833 smb:175 d:s ref:0 ;
in:148 out:148 type:P dur:2 cpbdur:2 q:27.48 aq:23.01 tex:296711 mv:58212 misc:1525 imb:5095 pmb:2915 smb:150 d:s ref:0 ;
in:149 out:149 type:P dur:2 cpbdur:2 q:27.48 aq:22.98 tex:288900 mv:57060 misc:1680 imb:5212 pmb:2750 smb:198 d:s ref:0 ;
in:150 out:150 type:I dur:2 cpbdur:2 q:24.55 aq:20.07 tex:633247 mv:141817 misc:464 imb:8160 pmb:0 smb:0 d:s ref:;
in:154 out:151 type:P dur:2 cpbdur:2 q:27.53 aq:23.10 tex:337152 mv:54410 misc:950 imb:6239 pmb:1858 smb:63 d:s ref:0 ;
in:152 out:152 type:B dur:2 cpbdur:2 q:27.53 aq:23.05 tex:226889 mv:76306 misc:2893 imb:3055 pmb:4595 smb:510 d:t ref:0 ;
in:151 out:153 type:b dur:2 cpbdur:2 q:27.53 aq:23.32 tex:194366 mv:71908 misc:3950 imb:2756 pmb:4626 smb:778 d:s ref:0 ;
in:153 out:154 type:b dur:2 cpbdur:2 q:27.53 aq:23.27 tex:195246 mv:66961 misc:3833 imb:2479 pmb:4910 smb:771 d:- ref:0 ;
in:158 out:155 type:P dur:2 cpbdur:2 q:27.48 aq:22.98 tex:319925 mv:55318 misc:1229 imb:5707 pmb:2353 smb:100 d:s ref:0 ;
in:156 out:156 type:B dur:2 cpbdur:2 q:27.51 aq:23.07 tex:212612 mv:68416 misc:3404 imb:2424 pmb:5101 smb:635 d:t ref:0 ;
in:155 out:157 type:b dur:2 cpbdur:2 q:27.52 aq:23.45 tex:192860 mv:66396 misc:3920 imb:2411 pmb:4978 smb:771 d:s ref:0 ;
in:157 out:158 type:b dur:2 cpbdur:2 q:27.49 aq:23.39 tex:207703 mv:65076 misc:3749 imb:2338 pmb:5086 smb:736 d:- ref:0 ;
in:162 out:159 type:P dur:2 cpbdur:2 q:27.44 aq:22.97 tex:323453 mv:55249 misc:1426 imb:5511 pmb:2523 smb:126 d:s ref:0 ;
in:160 out:160 type:B dur:2 cpbdur:2 q:27.46 aq:23.04 tex:220516 mv:68147 misc:3417 imb:2371 pmb:5152 smb:637 d:s ref:0 ;
in:159 out:161 type:b dur:2 cpbdur:2 q:27.47 aq:23.43 tex:219253 mv:64082 misc:3657 imb:2348 pmb:5108 smb:704 d:s ref:0 ;
in:161 out:162 type:b dur:2 cpbdur:2 q:27.45 aq:23.28 tex:201495 mv:65118 misc:3835 imb:2331 pmb:5053 smb:776 d:- ref:0 ;
in:166 out:163 type:P dur:2 cpbdur:2 q:27.41 aq:22.88 tex:340416 mv:55800 misc:1296 imb:5400 pmb:2641 smb:119 d:s ref:0 ;
in:164 out:164 type:B dur:2 cpbdur:2 q:27.42 aq:22.99 tex:221038 mv:67474 misc:3240 imb:2333 pmb:5218 smb:609 d:s ref:0 ;
in:163 out:165 type:b dur:2 cpbdur:2 q:27.43 aq:23.38 tex:215568 mv:64543 misc:3513 imb:2354 pmb:5103 smb:703 d:s ref:0 ;
in:165 out:166 type:b dur:2 cpbdur:2 q:27.42 aq:23.25 tex:197093 mv:65968 misc:3779 imb:2424 pmb:4965 smb:771 d:- ref:0 ;
in:170 out:167 type:P dur:2 cpbdur:2 q:27.39 aq:22.94 tex:346960 mv:53603 misc:1381 imb:5632 pmb:2394 smb:134 d:s ref:0 ;
in:168 out:168 type:B dur:2 cpbdur:2 q:27.40 aq:23.00 tex:213569 mv:66518 misc:3385 imb:2432 pmb:5066 smb:662 d:s ref:0 ;
in:167 out:169 type:b dur:2 cpbdur:2 q:27.40 aq:23.32 tex:203677 mv:65153 misc:3730 imb:2406 pmb:4981 smb:773 d:s ref:0 ;
in:169 out:170 type:b dur:2 cpbdur:2 q:27.39 aq:23.47 tex:266940 mv:61707 misc:2857 imb:2491 pmb:5116 smb:553 d:- ref:0 ;
in:174 out:171 type:P dur:2 cpbdur:2 q:27.30 aq:22.80 tex:338719 mv:54071 misc:1314 imb:5526 pmb:2516 smb:118 d:s ref:0 ;
in:172 out:172 type:B dur:2 cpbdur:2 q:27.34 aq:22.90 tex:226188 mv:65140 misc:3328 imb:2517 pmb:4945 smb:698 d:s ref:0 ;
in:171 out:173 type:b dur:2 cpbdur:2 q:27.37 aq:23.28 tex:207019 mv:59373 misc:4144 imb:2185 pmb:5076 smb:899 d:s ref:0 ;
in:173 out:174 type:b dur:2 cpbdur:2 q:27.32 aq:23.19 tex:217688 mv:62028 misc:3660 imb:2181 pmb:5204 smb:775 d:- ref:0 ;
in:178 out:175 type:P dur:2 cpbdur:2 q:27.21 aq:22.83 tex:368773 mv:54422 misc:1285 imb:5395 pmb:2650 smb:115 d:s ref:0 ;
in:176 out:176 type:B dur:2 cpbdur:2 q:27.25 aq:22.80 tex:241944 mv:68463 misc:2929 imb:2612 pmb:4952 smb:596 d:s ref:0 ;
in:175 out:177 type:b dur:2 cpbdur:2 q:27.28 aq:23.44 tex:264474 mv:64597 misc:2641 imb:2450 pmb:5173 smb:537 d:s ref:0 ;
in:177 out:178 type:b dur:2 cpbdur:2 q:27.23 aq:23.27 tex:217385 mv:63808 misc:3615 imb:2165 pmb:5193 smb:802 d:- ref:0 ;
in:182 out:179 type:P dur:2 cpbdur:2 q:27.12 aq:22.97 tex:402699 mv:53502 misc:1047 imb:5447 pmb:2645 smb:68 d:s ref:0 ;
in:180 out:180 type:B dur:2 cpbdur:2 q:27.16 aq:22.85 tex:256928 mv:67836 misc:2692 imb:2790 pmb:4797 smb:573 d:s ref:0 ;
in:179 out:181 type:b dur:2 cpbdur:2 q:27.18 aq:23.20 tex:250891 mv:64211 misc:3090 imb:2546 pmb:4953 smb:661 d:s ref:0 ;
in:181 out:182 type:b dur:2 cpbdur:2 q:27.14 aq:23.39 tex:277248 mv:65896 misc:2584 imb:2555 pmb:5049 smb:556 d:- ref:0 ;
in:186 out:183 type:P dur:2 cpbdur:2 q:27.04 aq:22.81 tex:418723 mv:54410 misc:1075 imb:5611 pmb:2474 smb:75 d:s ref:0 ;
in:184 out:184 type:B dur:2 cpbdur:2 q:27.08 aq:22.91 tex:291455 mv:69173 misc:2572 imb:2776 pmb:4826 smb:558 d:s ref:0 ;
in:183 out:185 type:b dur:2 cpbdur:2 q:27.10 aq:23.19 tex:263670 mv:67717 misc:2677 imb:2684 pmb:4867 smb:609 d:s ref:0 ;
in:185 out:186 type:b dur:2 cpbdur:2 q:27.06 aq:23.15 tex:292489 mv:67628 misc:2403 imb:2572 pmb:5054 smb:534 d:- ref:0 ;
in:190 out:187 type:P dur:2 cpbdur:2 q:26.98 aq:22.77 tex:437974 mv:54520 misc:970 imb:5610 pmb:2489 smb:61 d:s ref:0 ;
in:188 out:188 type:B dur:2 cpbdur:2 q:27.01 aq:22.83 tex:301630 mv:71697 misc:2393 imb:2907 pmb:4734 smb:519 d:s ref:0 ;
in:187 out:189 type:b dur:2 cpbdur:2 q:27.02 aq:23.22 tex:306185 mv:69280 misc:2127 imb:2907 pmb:4759 smb:494 d:s ref:0 ;
in:189 out:190 type:b dur:2 cpbdur:2 q:26.99 aq:23.17 tex:278238 mv:69128 misc:2514 imb:2539 pmb:5019 smb:602 d:- ref:0 ;
in:194 out:191 type:P dur:2 cpbdur:2 q:26.92 aq:22.75 tex:457536 mv:55193 misc:943 imb:5608 pmb:2501 smb:51 d:s ref:0 ;
in:192 out:192 type:B dur:2 cpbdur:2 q:26.95 aq:22.89 tex:306486 mv:71320 misc:2242 imb:2967 pmb:4664 smb:529 d:s ref:0 ;
in:191 out:193 type:b dur:2 cpbdur:2 q:26.96 aq:23.15 tex:299598 mv:68344 misc:2266 imb:2643 pmb:4954 smb:563 d:s ref:0 ;
in:193 out:194 type:b dur:2 cpbdur:2 q:26.94 aq:23.14 tex:308705 mv:68454 misc:2193 imb:2759 pmb:4840 smb:561 d:- ref:0 ;
in:198 out:195 type:P dur:2 cpbdur:2 q:26.90 aq:22.78 tex:442910 mv:53657 misc:1001 imb:5601 pmb:2500 smb:59 d:s ref:0 ;
in:196 out:196 type:B dur:2 cpbdur:2 q:26.91 aq:22.76 tex:308742 mv:70616 misc:2298 imb:2897 pmb:4671 smb:592 d:s ref:0 ;
in:195 out:197 type:b dur:2 cpbdur:2 q:26.92 aq:23.14 tex:287386 mv:69240 misc:2454 imb:2719 pmb:4801 smb:640 d:s ref:0 ;
in:197 out:198 type:b dur:2 cpbdur:2 q:26.91 aq:23.09 tex:299487 mv:68311 misc:2290 imb:2499 pmb:5032 smb:629 d:- ref:0 ;
in:202 out:199 type:P dur:2 cpbdur:2 q:26.91 aq:22.76 tex:452512 mv:53897 misc:951 imb:5576 pmb:2532 smb:52 d:s ref:0 ;
in:200 out:200 type:B dur:2 cpbdur:2 q:26.91 aq:22.82 tex:310421 mv:70111 misc:2372 imb:2834 pmb:4685 smb:641 d:s ref:0 ;
in:199 out:201 type:b dur:2 cpbdur:2 q:26.91 aq:23.15 tex:314793 mv:69261 misc:2010 imb:2825 pmb:4746 smb:589 d:s ref:0 ;
in:201 out:202 type:b dur:2 cpbdur:2 q:26.91 aq:23.11 tex:294440 mv:68319 misc:2473 imb:2594 pmb:4876 smb:690 d:- ref:0 ;
in:206 out:203 type:P dur:2 cpbdur:2 q:26.94 aq:22.90 tex:459686 mv:54605 misc:877 imb:5464 pmb:2659 smb:37 d:s ref:0 ;
in:204 out:204 type:B dur:2 cpbdur:2 q:26.92 aq:22.85 tex:309698 mv:69914 misc:2420 imb:2925 pmb:4553 smb:682 d:s ref:0 ;
in:203 out:205 type:b dur:2 cpbdur:2 q:26.92 aq:23.15 tex:301463 mv:68900 misc:2317 imb:2636 pmb:4860 smb:664 d:s ref:0 ;
in:205 out:206 type:b dur:2 cpbdur:2 q:26.93 aq:23.15 tex:311051 mv:68071 misc:2238 imb:2757 pmb:4737 smb:666 d:- ref:0 ;
in:210 out:207 type:P dur:2 cpbdur:2 q:26.98 aq:22.97 tex:447039 mv:53859 misc:870 imb:5506 pmb:2609 smb:45 d:s ref:0 ;
in:208 out:208 type:B dur:2 cpbdur:2 q:26.96 aq:23.09 tex:337821 mv:66288 misc:2131 imb:2633 pmb:4884 smb:643 d:s ref:0 ;
in:207 out:209 type:b dur:2 cpbdur:2 q:26.95 aq:23.13 tex:305703 mv:69754 misc:2111 imb:2889 pmb:4601 smb:670 d:s ref:0 ;
in:209 out:210 type:b dur:2 cpbdur:2 q:26.97 aq:23.25 tex:298938 mv:70422 misc:2352 imb:2757 pmb:4709 smb:694 d:- ref:0 ;
in:214 out:211 type:P dur:2 cpbdur:2 q:27.01 aq:22.96 tex:427738 mv:52344 misc:1022 imb:5533 pmb:2562 smb:65 d:s ref:0 ;
in:212 out:212 type:B dur:2 cpbdur:2 q:27.00 aq:22.96 tex:314044 mv:69346 misc:2346 imb:2783 pmb:4676 smb:701 d:s ref:0 ;
in:211 out:213 type:b dur:2 cpbdur:2 q:26.99 aq:23.17 tex:313202 mv:69126 misc:2096 imb:3001 pmb:4483 smb:676 d:s ref:0 ;
in:213 out:214 type:b dur:2 cpbdur:2 q:27.01 aq:23.24 tex:286932 mv:68681 misc:2427 imb:2613 pmb:4822 smb:725 d:- ref:0 ;
in:218 out:215 type:P dur:2 cpbdur:2 q:27.04 aq:22.99 tex:431360 mv:54071 misc:1033 imb:5473 pmb:2623 smb:64 d:s ref:0 ;
in:216 out:216 type:B dur:2 cpbdur:2 q:27.03 aq:22.98 tex:307963 mv:68872 misc:2373 imb:2847 pmb:4612 smb:701 d:s ref:0 ;
in:215 out:217 type:b dur:2 cpbdur:2 q:27.02 aq:23.21 tex:300394 mv:68519 misc:2191 imb:2661 pmb:4818 smb:681 d:s ref:0 ;
in:217 out:218 type:b dur:2 cpbdur:2 q:27.03 aq:23.34 tex:292368 mv:69508 misc:2356 imb:2845 pmb:4600 smb:715 d:- ref:0 ;
in:222 out:219 type:P dur:2 cpbdur:2 q:27.06 aq:23.08 tex:432075 mv:53514 misc:979 imb:5545 pmb:2556 smb:59 d:s ref:0 ;
in:220 out:220 type:B dur:2 cpbdur:2 q:27.05 aq:23.01 tex:302777 mv:67798 misc:2569 imb:2840 pmb:4590 smb:730 d:s ref:0 ;
in:219 out:221 type:b dur:2 cpbdur:2 q:27.04 aq:23.31 tex:286330 mv:68357 misc:2529 imb:2736 pmb:4672 smb:752 d:s ref:0 ;
in:221 out:222 type:b dur:2 cpbdur:2 q:27.05 aq:23.32 tex:291441 mv:69897 misc:2326 imb:2613 pmb:4834 smb:713 d:- ref:0 ;
in:226 out:223 type:P dur:2 cpbdur:2 q:27.08 aq:23.06 tex:430503 mv:53053 misc:956 imb:5507 pmb:2597 smb:56 d:s ref:0 ;
in:224 out:224 type:B dur:2 cpbdur:2 q:27.07 aq:23.08 tex:305570 mv:68045 misc:2585 imb:2777 pmb:4653 smb:730 d:s ref:0 ;
in:223 out:225 type:b dur:2 cpbdur:2 q:27.06 aq:23.28 tex:305453 mv:68913 misc:2210 imb:2908 pmb:4568 smb:684 d:s ref:0 ;
in:225 out:226 type:b dur:2 cpbdur:2 q:27.07 aq:23.29 tex:286903 mv:68256 misc:2465 imb:2594 pmb:4829 smb:737 d:- ref:0 ;
in:230 out:227 type:P dur:2 cpbdur:2 q:27.10 aq:23.07 tex:426139 mv:53093 misc:1096 imb:5479 pmb:2603 smb:78 d:s ref:0 ;
in:228 out:228 type:B dur:2 cpbdur:2 q:27.09 aq:23.00 tex:311695 mv:68246 misc:2395 imb:2827 pmb:4610 smb:723 d:s ref:0 ;
in:227 out:229 type:b dur:2 cpbdur:2 q:27.08 aq:23.28 tex:293826 mv:68169 misc:2293 imb:2663 pmb:4770 smb:727 d:s ref:0 ;
in:229 out:230 type:b dur:2 cpbdur:2 q:27.09 aq:23.43 tex:282975 mv:68622 misc:2475 imb:2822 pmb:4579 smb:759 d:- ref:0 ;
in:234 out:231 type:P dur:2 cpbdur:2 q:27.12 aq:23.13 tex:431650 mv:53450 misc:996 imb:5518 pmb:2571 smb:71 d:s ref:0 ;
in:232 out:232 type:B dur:2 cpbdur:2 q:27.11 aq:23.13 tex:297675 mv:68808 misc:2533 imb:2874 pmb:4542 smb:744 d:s ref:0 ;
in:231 out:233 type:b dur:2 cpbdur:2 q:27.10 aq:23.40 tex:280091 mv:67965 misc:2520 imb:2690 pmb:4717 smb:753 d:s ref:0 ;
in:233 out:234 type:b dur:2 cpbdur:2 q:27.11 aq:23.33 tex:286368 mv:66821 misc:2587 imb:2506 pmb:4899 smb:755 d:- ref:0 ;
in:238 out:235 type:P dur:2 cpbdur:2 q:27.13 aq:23.17 tex:428404 mv:53055 misc:917 imb:5596 pmb:2511 smb:53 d:s ref:0 ;
in:236 out:236 type:B dur:2 cpbdur:2 q:27.12 aq:23.10 tex:297281 mv:67874 misc:2365 imb:2799 pmb:4638 smb:723 d:s ref:0 ;
in:235 out:237 type:b dur:2 cpbdur:2 q:27.12 aq:23.45 tex:284249 mv:68710 misc:2473 imb:2850 pmb:4558 smb:752 d:s ref:0 ;
in:237 out:238 type:b dur:2 cpbdur:2 q:27.13 aq:23.39 tex:297196 mv:66170 misc:2234 imb:2369 pmb:5094 smb:697 d:- ref:0 ;
in:242 out:239 type:P dur:2 cpbdur:2 q:27.14 aq:23.19 tex:411460 mv:53180 misc:1120 imb:5446 pmb:2634 smb:80 d:s ref:0 ;
in:240 out:240 type:B dur:2 cpbdur:2 q:27.14 aq:23.02 tex:296284 mv:68197 misc:2423 imb:2756 pmb:4658 smb:746 d:s ref:0 ;
in:239 out:241 type:b dur:2 cpbdur:2 q:27.13 aq:23.41 tex:280955 mv:67895 misc:2470 imb:2537 pmb:4876 smb:747 d:s ref:0 ;
in:241 out:242 type:b dur:2 cpbdur:2 q:27.14 aq:23.41 tex:287876 mv:68135 misc:2445 imb:2641 pmb:4774 smb:745 d:- ref:0 ;
in:246 out:243 type:P dur:2 cpbdur:2 q:27.15 aq:23.20 tex:410591 mv:53493 misc:988 imb:5555 pmb:2532 smb:73 d:s ref:0 ;
in:244 out:244 type:B dur:2 cpbdur:2 q:27.15 aq:23.11 tex:293105 mv:67047 misc:2576 imb:2825 pmb:4561 smb:774 d:s ref:0 ;
in:243 out:245 type:b dur:2 cpbdur:2 q:27.14 aq:23.36 tex:302637 mv:66592 misc:2195 imb:2441 pmb:5014 smb:705 d:s ref:0 ;
in:245 out:246 type:b dur:2 cpbdur:2 q:27.15 aq:23.35 tex:287083 mv:67052 misc:2481 imb:2452 pmb:4954 smb:754 d:- ref:0 ;
in:250 out:247 type:P dur:2 cpbdur:2 q:27.16 aq:23.21 tex:404618 mv:52787 misc:1131 imb:5536 pmb:2532 smb:92 d:s ref:0 ;
in:248 out:248 type:B dur:2 cpbdur:2 q:27.15 aq:23.08 tex:291843 mv:66323 misc:2626 imb:2727 pmb:4667 smb:766 d:s ref:0 ;
in:247 out:249 type:b dur:2 cpbdur:2 q:27.15 aq:23.56 tex:273448 mv:67106 misc:2630 imb:2646 pmb:4738 smb:776 d:s ref:0 ;
in:249 out:250 type:b dur:2 cpbdur:2 q:27.16 aq:23.28 tex:302863 mv:65558 misc:2227 imb:2347 pmb:5106 smb:707 d:- ref:0 ;
in:254 out:251 type:P dur:2 cpbdur:2 q:27.16 aq:23.27 tex:403475 mv:53107 misc:1370 imb:5514 pmb:2507 smb:139 d:s ref:0 ;
in:252 out:252 type:B dur:2 cpbdur:2 q:27.16 aq:23.06 tex:298461 mv:66719 misc:2700 imb:2801 pmb:4573 smb:786 d:s ref:0 ;
in:251 out:253 type:b dur:2 cpbdur:2 q:27.16 aq:23.70 tex:256559 mv:67485 misc:2812 imb:2468 pmb:4874 smb:818 d:s ref:0 ;
in:253 out:254 type:b dur:2 cpbdur:2 q:27.16 aq:23.50 tex:279274 mv:67475 misc:2491 imb:2585 pmb:4821 smb:754 d:- ref:0 ;
in:258 out:255 type:P dur:2 cpbdur:2 q:27.16 aq:23.33 tex:399144 mv:53049 misc:1279 imb:5518 pmb:2532 smb:110 d:s ref:0 ;
in:256 out:256 type:B dur:2 cpbdur:2 q:27.16 aq:23.11 tex:296362 mv:67190 misc:2584 imb:2805 pmb:4655 smb:700 d:s ref:0 ;
in:255 out:257 type:b dur:2 cpbdur:2 q:27.16 aq:23.54 tex:283990 mv:66453 misc:2453 imb:2506 pmb:4902 smb:752 d:s ref:0 ;
in:257 out:258 type:b dur:2 cpbdur:2 q:27.16 aq:23.66 tex:262403 mv:67557 misc:2776 imb:2439 pmb:4955 smb:766 d:- ref:0 ;
in:262 out:259 type:P dur:2 cpbdur:2 q:27.15 aq:23.38 tex:408836 mv:52325 misc:1143 imb:5661 pmb:2401 smb:98 d:s ref:0 w:5,31,6 ;
in:260 out:260 type:B dur:2 cpbdur:2 q:27.15 aq:23.20 tex:300883 mv:67607 misc:2670 imb:2754 pmb:4739 smb:667 d:s ref:0 ;
in:259 out:261 type:b dur:2 cpbdur:2 q:27.15 aq:23.51 tex:289538 mv:68391 misc:2399 imb:2648 pmb:4828 smb:684 d:s ref:0 ;
in:261 out:262 type:b dur:2 cpbdur:2 q:27.15 aq:23.63 tex:280379 mv:67282 misc:2411 imb:2402 pmb:5094 smb:664 d:- ref:0 ;
in:266 out:263 type:P dur:2 cpbdur:2 q:27.15 aq:23.63 tex:490009 mv:50634 misc:845 imb:6094 pmb:2041 smb:25 d:s ref:0 w:5,27,33,7,116,12,91,38 ;
in:264 out:264 type:B dur:2 cpbdur:2 q:27.15 aq:23.56 tex:333844 mv:70230 misc:2126 imb:2996 pmb:4888 smb:276 d:s ref:0 ;
in:263 out:265 type:b dur:2 cpbdur:2 q:27.15 aq:23.72 tex:277898 mv:69584 misc:2598 imb:2604 pmb:4906 smb:650 d:s ref:0 ;
in:265 out:266 type:b dur:2 cpbdur:2 q:27.15 aq:23.78 tex:306839 mv:71812 misc:2365 imb:2836 pmb:4869 smb:455 d:- ref:0 ;
in:269 out:267 type:P dur:2 cpbdur:2 q:27.16 aq:23.57 tex:502512 mv:53740 misc:628 imb:6356 pmb:1797 smb:7 d:s ref:0 w:6,49,49 ;
in:267 out:268 type:B dur:2 cpbdur:2 q:27.15 aq:23.65 tex:312311 mv:72958 misc:2035 imb:2887 pmb:4726 smb:547 d:t ref:0 ;
in:268 out:269 type:b dur:2 cpbdur:2 q:27.15 aq:23.44 tex:301216 mv:72576 misc:2544 imb:2617 pmb:4899 smb:644 d:- ref:0 ;
in:270 out:270 type:I dur:2 cpbdur:2 q:24.22 aq:20.41 tex:805107 mv:174734 misc:511 imb:8160 pmb:0 smb:0 d:s ref:;
in:274 out:271 type:P dur:2 cpbdur:2 q:27.23 aq:23.03 tex:476290 mv:51162 misc:628 imb:6841 pmb:1310 smb:9 d:s ref:0 w:4,13,39 ;
in:272 out:272 type:B dur:2 cpbdur:2 q:27.23 aq:23.39 tex:336300 mv:78652 misc:1888 imb:3459 pmb:4472 smb:229 d:t ref:0 ;
in:271 out:273 type:b dur:2 cpbdur:2 q:27.23 aq:23.46 tex:275188 mv:79198 misc:2830 imb:2950 pmb:4577 smb:633 d:s ref:0 ;
in:273 out:274 type:b dur:2 cpbdur:2 q:27.23 aq:23.51 tex:264275 mv:72124 misc:3161 imb:2700 pmb:4767 smb:693 d:- ref:0 ;
in:278 out:275 type:P dur:2 cpbdur:2 q:27.23 aq:23.02 tex:419536 mv:54966 misc:914 imb:5626 pmb:2484 smb:50 d:s ref:0 ;
in:276 out:276 type:B dur:2 cpbdur:2 q:27.23 aq:23.17 tex:291713 mv:72412 misc:2915 imb:2619 pmb:4981 smb:560 d:t ref:0 ;
in:275 out:277 type:b dur:2 cpbdur:2 q:27.23 aq:23.38 tex:263871 mv:69086 misc:3139 imb:2547 pmb:4903 smb:710 d:s ref:0 ;
in:277 out:278 type:b dur:2 cpbdur:2 q:27.23 aq:23.43 tex:248911 mv:69512 misc:3337 imb:2567 pmb:4840 smb:753 d:- ref:0 ;
in:282 out:279 type:P dur:2 cpbdur:2 q:27.25 aq:22.99 tex:398437 mv:55184 misc:1035 imb:5555 pmb:2536 smb:69 d:s ref:0 ;
in:280 out:280 type:B dur:2 cpbdur:2 q:27.24 aq:23.18 tex:274921 mv:69653 misc:3194 imb:2459 pmb:5019 smb:682 d:s ref:0 ;
in:279 out:281 type:b dur:2 cpbdur:2 q:27.24 aq:23.39 tex:253630 mv:68057 misc:3209 imb:2527 pmb:4883 smb:750 d:s ref:0 ;
in:281 out:282 type:b dur:2 cpbdur:2 q:27.24 aq:23.38 tex:239097 mv:67949 misc:3522 imb:2425 pmb:4902 smb:833 d:- ref:0 ;
in:286 out:283 type:P dur:2 cpbdur:2 q:27.26 aq:23.00 tex:385390 mv:55147 misc:1135 imb:5358 pmb:2716 smb:86 d:s ref:0 ;
in:284 out:284 type:B dur:2 cpbdur:2 q:27.25 aq:23.16 tex:270362 mv:69319 misc:3071 imb:2307 pmb:5189 smb:664 d:s ref:0 ;
in:283 out:285 type:b dur:2 cpbdur:2 q:27.25 aq:23.34 tex:246393 mv:67405 misc:3418 imb:2495 pmb:4866 smb:799 d:s ref:0 ;
in:285 out:286 type:b dur:2 cpbdur:2 q:27.25 aq:23.32 tex:241616 mv:67456 misc:3360 imb:2513 pmb:4824 smb:823 d:- ref:0 ;
in:290 out:287 type:P dur:2 cpbdur:2 q:27.30 aq:23.02 tex:368370 mv:55604 misc:1162 imb:5367 pmb:2698 smb:95 d:s ref:0 ;
in:288 out:288 type:B dur:2 cpbdur:2 q:27.28 aq:23.10 tex:257677 mv:68591 misc:3348 imb:2396 pmb:5022 smb:742 d:s ref:0 ;
in:287 out:289 type:b dur:2 cpbdur:2 q:27.27 aq:23.36 tex:239182 mv:67561 misc:3609 imb:2480 pmb:4833 smb:847 d:s ref:0 ;
in:289 out:290 type:b dur:2 cpbdur:2 q:27.29 aq:23.32 tex:233654 mv:65722 misc:3568 imb:2435 pmb:4859 smb:866 d:- ref:0 ;
in:294 out:291 type:P dur:2 cpbdur:2 q:27.29 aq:23.06 tex:338160 mv:55090 misc:1414 imb:5287 pmb:2733 smb:140 d:s ref:0 ;
in:292 out:292 type:B dur:2 cpbdur:2 q:27.29 aq:23.14 tex:255446 mv:67135 misc:3427 imb:2370 pmb:5063 smb:727 d:s ref:0 ;
in:291 out:293 type:b dur:2 cpbdur:2 q:27.29 aq:23.31 tex:237653 mv:66642 misc:3561 imb:2535 pmb:4772 smb:853 d:s ref:0 ;
in:293 out:294 type:b dur:2 cpbdur:2 q:27.29 aq:23.26 tex:233929 mv:65669 misc:3610 imb:2425 pmb:4896 smb:839 d:- ref:0 ;
in:298 out:295 type:P dur:2 cpbdur:2 q:27.25 aq:23.06 tex:325646 mv:53995 misc:1855 imb:5456 pmb:2451 smb:253 d:s ref:0 ;
in:296 out:296 type:B dur:2 cpbdur:2 q:27.27 aq:23.01 tex:258040 mv:69002 misc:3438 imb:2326 pmb:5129 smb:705 d:s ref:0 ;
in:295 out:297 type:b dur:2 cpbdur:2 q:27.28 aq:23.59 tex:266138 mv:63171 misc:3163 imb:2279 pmb:5192 smb:689 d:s ref:0 ;
in:297 out:298 type:b dur:2 cpbdur:2 q:27.26 aq:23.22 tex:225875 mv:66056 misc:3605 imb:2361 pmb:4966 smb:833 d:- ref:0 ;
in:299 out:299 type:P dur:2 cpbdur:2 q:27.21 aq:23.06 tex:296179 mv:55022 misc:2175 imb:5111 pmb:2622 smb:427 d:s ref:0 ;
in:300 out:300 type:P dur:2 cpbdur:2 q:27.20 aq:23.06 tex:420279 mv:47893 misc:524 imb:7858 pmb:302 smb:0 d:s ref:0 ;
in:301 out:301 type:P dur:2 cpbdur:2 q:27.19 aq:23.23 tex:479821 mv:54214 misc:605 imb:7093 pmb:1064 smb:3 d:s ref:0 ;
in:302 out:302 type:I dur:2 cpbdur:2 q:24.32 aq:20.51 tex:683130 mv:164660 misc:458 imb:8160 pmb:0 smb:0 d:s ref:;
in:306 out:303 type:P dur:2 cpbdur:2 q:27.24 aq:22.76 tex:621470 mv:49717 misc:613 imb:7596 pmb:564 smb:0 d:s ref:0 w:5,49,-117,0,2,-127,1,0 ;
in:304 out:304 type:B dur:2 cpbdur:2 q:27.24 aq:23.59 tex:400303 mv:85543 misc:874 imb:5019 pmb:3095 smb:46 d:s ref:0 ;
in:303 out:305 type:b dur:2 cpbdur:2 q:27.24 aq:23.63 tex:330903 mv:85355 misc:2014 imb:4853 pmb:3034 smb:273 d:s ref:0 ;
in:305 out:306 type:b dur:2 cpbdur:2 q:27.24 aq:23.82 tex:335141 mv:80535 misc:1956 imb:3600 pmb:4276 smb:284 d:- ref:0 ;
in:310 out:307 type:P dur:2 cpbdur:2 q:27.27 aq:22.75 tex:460107 mv:58250 misc:1051 imb:5529 pmb:2556 smb:75 d:s ref:0 ;
in:308 out:308 type:B dur:2 cpbdur:2 q:27.25 aq:23.07 tex:265290 mv:74796 misc:2666 imb:2834 pmb:4895 smb:431 d:s ref:0 ;
in:307 out:309 type:b dur:2 cpbdur:2 q:27.25 aq:23.42 tex:221574 mv:70330 misc:3624 imb:2367 pmb:5119 smb:674 d:s ref:0 ;
in:309 out:310 type:b dur:2 cpbdur:2 q:27.26 aq:23.41 tex:220757 mv:69797 misc:3470 imb:2294 pmb:5177 smb:689 d:- ref:0 ;
in:314 out:311 type:P dur:2 cpbdur:2 q:27.24 aq:22.90 tex:431362 mv:56024 misc:1014 imb:5207 pmb:2887 smb:66 d:s ref:0 ;
in:312 out:312 type:B dur:2 cpbdur:2 q:27.25 aq:22.87 tex:231680 mv:68085 misc:3299 imb:2679 pmb:4761 smb:720 d:s ref:0 ;
in:311 out:313 type:b dur:2 cpbdur:2 q:27.26 aq:23.47 tex:258989 mv:70291 misc:2800 imb:2658 pmb:5072 smb:430 d:s ref:0 ;
in:313 out:314 type:b dur:2 cpbdur:2 q:27.24 aq:23.21 tex:203730 mv:60010 misc:4092 imb:2141 pmb:4895 smb:1124 d:- ref:0 ;
in:318 out:315 type:P dur:2 cpbdur:2 q:27.22 aq:23.13 tex:398476 mv:52207 misc:1277 imb:5128 pmb:2919 smb:113 d:s ref:0 ;
in:316 out:316 type:B dur:2 cpbdur:2 q:27.23 aq:22.89 tex:252397 mv:65815 misc:3220 imb:2654 pmb:4609 smb:897 d:s ref:0 ;
in:315 out:317 type:b dur:2 cpbdur:2 q:27.23 aq:23.15 tex:221728 mv:64500 misc:3636 imb:2625 pmb:4495 smb:1040 d:s ref:0 ;
in:317 out:318 type:b dur:2 cpbdur:2 q:27.23 aq:23.28 tex:256630 mv:65237 misc:3061 imb:2606 pmb:4607 smb:947 d:- ref:0 ;
in:322 out:319 type:P dur:2 cpbdur:2 q:27.27 aq:23.17 tex:394308 mv:51987 misc:1209 imb:5412 pmb:2649 smb:99 d:s ref:0 ;
in:320 out:320 type:B dur:2 cpbdur:2 q:27.25 aq:23.16 tex:264817 mv:64314 misc:3005 imb:2568 pmb:4665 smb:927 d:s ref:0 ;
in:319 out:321 type:b dur:2 cpbdur:2 q:27.24 aq:23.21 tex:240669 mv:64161 misc:3178 imb:2715 pmb:4464 smb:981 d:s ref:0 ;
in:321 out:322 type:b dur:2 cpbdur:2 q:27.26 aq:23.43 tex:244398 mv:63937 misc:3129 imb:2546 pmb:4671 smb:943 d:- ref:0 ;
in:326 out:323 type:P dur:2 cpbdur:2 q:27.27 aq:23.14 tex:401219 mv:53000 misc:1053 imb:5436 pmb:2652 smb:72 d:s ref:0 ;
in:324 out:324 type:B dur:2 cpbdur:2 q:27.27 aq:23.17 tex:260446 mv:63530 misc:3336 imb:2563 pmb:4630 smb:967 d:s ref:0 ;
in:323 out:325 type:b dur:2 cpbdur:2 q:27.27 aq:23.36 tex:264186 mv:65284 misc:2946 imb:2982 pmb:4272 smb:906 d:s ref:0 ;
in:325 out:326 type:b dur:2 cpbdur:2 q:27.27 aq:23.25 tex:248625 mv:63425 misc:3214 imb:2572 pmb:4629 smb:959 d:- ref:0 ;
in:330 out:327 type:P dur:2 cpbdur:2 q:27.24 aq:23.11 tex:436245 mv:53574 misc:1077 imb:5377 pmb:2703 smb:80 d:s ref:0 ;
in:328 out:328 type:B dur:2 cpbdur:2 q:27.26 aq:23.14 tex:268594 mv:63212 misc:3154 imb:2564 pmb:4667 smb:929 d:s ref:0 ;
in:327 out:329 type:b dur:2 cpbdur:2 q:27.27 aq:23.57 tex:239788 mv:64152 misc:3220 imb:2636 pmb:4569 smb:955 d:s ref:0 ;
in:329 out:330 type:b dur:2 cpbdur:2 q:27.25 aq:23.35 tex:280860 mv:64353 misc:2771 imb:2473 pmb:4834 smb:853 d:- ref:0 ;
in:334 out:331 type:P dur:2 cpbdur:2 q:27.20 aq:23.10 tex:425618 mv:52249 misc:1173 imb:5310 pmb:2753 smb:97 d:s ref:0 ;
in:332 out:332 type:B dur:2 cpbdur:2 q:27.22 aq:23.09 tex:271164 mv:64688 misc:2948 imb:2635 pmb:4601 smb:924 d:s ref:0 ;
in:331 out:333 type:b dur:2 cpbdur:2 q:27.23 aq:23.35 tex:250487 mv:62866 misc:3143 imb:2476 pmb:4695 smb:989 d:s ref:0 ;
in:333 out:334 type:b dur:2 cpbdur:2 q:27.21 aq:23.42 tex:265496 mv:64062 misc:2818 imb:2470 pmb:4797 smb:893 d:- ref:0 ;
in:338 out:335 type:P dur:2 cpbdur:2 q:27.17 aq:23.03 tex:420433 mv:53172 misc:1035 imb:5432 pmb:2664 smb:64 d:s ref:0 ;
in:336 out:336 type:B dur:2 cpbdur:2 q:27.19 aq:23.12 tex:280628 mv:64106 misc:2858 imb:2588 pmb:4689 smb:883 d:s ref:0 ;
in:335 out:337 type:b dur:2 cpbdur:2 q:27.20 aq:23.41 tex:280301 mv:64182 misc:2733 imb:2601 pmb:4659 smb:900 d:s ref:0 ;
in:337 out:338 type:b dur:2 cpbdur:2 q:27.18 aq:23.51 tex:251450 mv:63784 misc:3070 imb:2446 pmb:4751 smb:963 d:- ref:0 ;
in:342 out:339 type:P dur:2 cpbdur:2 q:27.15 aq:23.00 tex:412618 mv:52922 misc:1076 imb:5356 pmb:2722 smb:82 d:s ref:0 ;
in:340 out:340 type:B dur:2 cpbdur:2 q:27.16 aq:22.98 tex:274864 mv:65743 misc:2865 imb:2624 pmb:4635 smb:901 d:s ref:0 ;
in:339 out:341 type:b dur:2 cpbdur:2 q:27.16 aq:23.24 tex:278401 mv:63580 misc:2675 imb:2389 pmb:4872 smb:899 d:s ref:0 ;
in:341 out:342 type:b dur:2 cpbdur:2 q:27.15 aq:23.24 tex:289103 mv:63473 misc:2640 imb:2304 pmb:4976 smb:880 d:- ref:0 ;
in:346 out:343 type:P dur:2 cpbdur:2 q:27.13 aq:23.02 tex:420653 mv:52132 misc:1063 imb:5363 pmb:2715 smb:82 d:s ref:0 ;
in:344 out:344 type:B dur:2 cpbdur:2 q:27.14 aq:23.01 tex:277332 mv:65868 misc:3048 imb:2715 pmb:4507 smb:938 d:s ref:0 ;
in:343 out:345 type:b dur:2 cpbdur:2 q:27.14 aq:23.22 tex:276979 mv:64303 misc:2710 imb:2505 pmb:4744 smb:911 d:s ref:0 ;
in:345 out:346 type:b dur:2 cpbdur:2 q:27.13 aq:23.46 tex:266952 mv:64396 misc:2876 imb:2327 pmb:4929 smb:904 d:- ref:0 ;
in:350 out:347 type:P dur:2 cpbdur:2 q:27.12 aq:23.09 tex:415289 mv:52083 misc:1148 imb:5384 pmb:2685 smb:91 d:s ref:0 ;
in:348 out:348 type:B dur:2 cpbdur:2 q:27.12 aq:23.04 tex:286836 mv:65714 misc:2874 imb:2647 pmb:4612 smb:901 d:s ref:0 ;
in:347 out:349 type:b dur:2 cpbdur:2 q:27.12 aq:23.30 tex:296739 mv:63946 misc:2611 imb:2631 pmb:4653 smb:876 d:s ref:0 ;
in:349 out:350 type:b dur:2 cpbdur:2 q:27.12 aq:23.45 tex:267277 mv:64659 misc:2840 imb:2375 pmb:4895 smb:890 d:- ref:0 ;
in:354 out:351 type:P dur:2 cpbdur:2 q:27.11 aq:23.10 tex:411202 mv:53298 misc:1164 imb:5368 pmb:2698 smb:94 d:s ref:0 ;
in:352 out:352 type:B dur:2 cpbdur:2 q:27.11 aq:23.02 tex:284859 mv:66516 misc:2961 imb:2693 pmb:4557 smb:910 d:s ref:0 ;
in:351 out:353 type:b dur:2 cpbdur:2 q:27.11 aq:23.50 tex:270673 mv:65618 misc:2741 imb:2474 pmb:4790 smb:896 d:s ref:0 ;
in:353 out:354 type:b dur:2 cpbdur:2 q:27.11 aq:23.27 tex:297549 mv:64804 misc:2455 imb:2459 pmb:4872 smb:829 d:- ref:0 ;
in:358 out:355 type:P dur:2 cpbdur:2 q:27.09 aq:23.36 tex:449179 mv:51286 misc:983 imb:5223 pmb:2874 smb:63 d:s ref:0 ;
in:356 out:356 type:B dur:2 cpbdur:2 q:27.10 aq:23.04 tex:295652 mv:68385 misc:2715 imb:2919 pmb:4387 smb:854 d:s ref:0 ;
in:355 out:357 type:b dur:2 cpbdur:2 q:27.10 aq:23.39 tex:278869 mv:65487 misc:2796 imb:2637 pmb:4632 smb:891 d:s ref:0 ;
in:357 out:358 type:b dur:2 cpbdur:2 q:27.10 aq:23.39 tex:287984 mv:68078 misc:2666 imb:2630 pmb:4698 smb:832 d:- ref:0 ;
in:362 out:359 type:P dur:2 cpbdur:2 q:27.10 aq:23.21 tex:413551 mv:51872 misc:1257 imb:5661 pmb:2387 smb:112 d:s ref:0 ;
in:360 out:360 type:B dur:2 cpbdur:2 q:27.10 aq:23.09 tex:300799 mv:67286 misc:2747 imb:2897 pmb:4398 smb:865 d:s ref:0 ;
in:359 out:361 type:b dur:2 cpbdur:2 q:27.09 aq:23.20 tex:312828 mv:67998 misc:2326 imb:2846 pmb:4497 smb:817 d:s ref:0 ;
in:361 out:362 type:b dur:2 cpbdur:2 q:27.10 aq:23.44 tex:267875 mv:66609 misc:2812 imb:2522 pmb:4731 smb:907 d:- ref:0 ;
in:366 out:363 type:P dur:2 cpbdur:2 q:27.12 aq:23.28 tex:396309 mv:52265 misc:1474 imb:5422 pmb:2564 smb:174 d:s ref:0 ;
in:364 out:364 type:B dur:2 cpbdur:2 q:27.11 aq:23.07 tex:293382 mv:64498 misc:2856 imb:2654 pmb:4617 smb:889 d:s ref:0 ;
in:363 out:365 type:b dur:2 cpbdur:2 q:27.11 aq:23.46 tex:280593 mv:66898 misc:2685 imb:2650 pmb:4633 smb:877 d:s ref:0 ;
in:365 out:366 type:b dur:2 cpbdur:2 q:27.11 aq:23.40 tex:284092 mv:65712 misc:2668 imb:2513 pmb:4764 smb:883 d:- ref:0 ;
in:370 out:367 type:P dur:2 cpbdur:2 q:27.12 aq:23.44 tex:395647 mv:52875 misc:1606 imb:5335 pmb:2594 smb:231 d:s ref:0 ;
in:368 out:368 type:B dur:2 cpbdur:2 q:27.12 aq:23.05 tex:297673 mv:66404 misc:2843 imb:2788 pmb:4517 smb:855 d:s ref:0 ;
in:367 out:369 type:b dur:2 cpbdur:2 q:27.12 aq:23.42 tex:269733 mv:66518 misc:2845 imb:2590 pmb:4661 smb:909 d:s ref:0 ;
in:369 out:370 type:b dur:2 cpbdur:2 q:27.12 aq:23.39 tex:279884 mv:65830 misc:2726 imb:2533 pmb:4748 smb:879 d:- ref:0 ;
in:374 out:371 type:P dur:2 cpbdur:2 q:27.13 aq:23.35 tex:372436 mv:50047 misc:2117 imb:5610 pmb:2050 smb:500 d:s ref:0 ;
in:372 out:372 type:B dur:2 cpbdur:2 q:27.13 aq:23.12 tex:293670 mv:66584 misc:2746 imb:2742 pmb:4580 smb:838 d:s ref:0 ;
in:371 out:373 type:b dur:2 cpbdur:2 q:27.12 aq:23.35 tex:293512 mv:67743 misc:2417 imb:2744 pmb:4577 smb:839 d:s ref:0 ;
in:373 out:374 type:b dur:2 cpbdur:2 q:27.13 aq:23.30 tex:282112 mv:66810 misc:2734 imb:2612 pmb:4694 smb:854 d:- ref:0 ;
in:375 out:375 type:P dur:2 cpbdur:2 q:27.11 aq:22.78 tex:406828 mv:28227 misc:1529 imb:6307 pmb:1706 smb:147 d:s ref:0 w:7,15,7,7,8,119,1,127 ;
in:376 out:376 type:P dur:2 cpbdur:2 q:27.10 aq:22.85 tex:401165 mv:45812 misc:855 imb:6180 pmb:1936 smb:44 d:s ref:0 ;
in:377 out:377 type:P dur:2 cpbdur:2 q:27.10 aq:22.75 tex:390930 mv:44137 misc:877 imb:6451 pmb:1663 smb:46 d:s ref:0 ;
in:378 out:378 type:P dur:2 cpbdur:2 q:27.11 aq:22.83 tex:394534 mv:44284 misc:870 imb:6381 pmb:1735 smb:44 d:s ref:0 ;
in:379 out:379 type:P dur:2 cpbdur:2 q:27.12 aq:22.90 tex:410182 mv:44898 misc:808 imb:6276 pmb:1846 smb:38 d:s ref:0 ;
in:380 out:380 type:P dur:2 cpbdur:2 q:27.12 aq:22.75 tex:376351 mv:45018 misc:823 imb:6355 pmb:1759 smb:46 d:s ref:0 ;
in:381 out:381 type:P dur:2 cpbdur:2 q:27.12 aq:22.74 tex:384600 mv:46883 misc:837 imb:6100 pmb:2017 smb:43 d:s ref:0 ;
in:382 out:382 type:P dur:2 cpbdur:2 q:27.13 aq:22.86 tex:390023 mv:47351 misc:826 imb:6097 pmb:2021 smb:42 d:s ref:0 ;
in:383 out:383 type:P dur:2 cpbdur:2 q:27.13 aq:22.78 tex:370632 mv:46690 misc:902 imb:6133 pmb:1978 smb:49 d:s ref:0 ;
in:384 out:384 type:P dur:2 cpbdur:2 q:27.13 aq:22.70 tex:363858 mv:48219 misc:891 imb:5916 pmb:2195 smb:49 d:s ref:0 ;
in:385 out:385 type:P dur:2 cpbdur:2 q:27.13 aq:22.85 tex:377911 mv:47688 misc:945 imb:5877 pmb:2221 smb:62 d:s ref:0 ;
in:386 out:386 type:P dur:2 cpbdur:2 q:27.14 aq:22.72 tex:365577 mv:46281 misc:966 imb:6093 pmb:2001 smb:66 d:s ref:0 ;
in:387 out:387 type:P dur:2 cpbdur:2 q:27.15 aq:23.02 tex:403313 mv:46116 misc:859 imb:5880 pmb:2237 smb:43 d:s ref:0 ;
in:388 out:388 type:P dur:2 cpbdur:2 q:27.15 aq:22.74 tex:361348 mv:46711 misc:965 imb:6181 pmb:1904 smb:75 d:s ref:0 ;
in:389 out:389 type:P dur:2 cpbdur:2 q:27.16 aq:22.77 tex:351960 mv:48013 misc:1011 imb:5882 pmb:2203 smb:75 d:s ref:0 ;
in:390 out:390 type:P dur:2 cpbdur:2 q:27.16 aq:22.79 tex:350173 mv:48406 misc:1053 imb:5845 pmb:2238 smb:77 d:s ref:0 ;
in:391 out:391 type:P dur:2 cpbdur:2 q:27.17 aq:22.79 tex:351405 mv:47629 misc:974 imb:5917 pmb:2172 smb:71 d:s ref:0 ;
in:392 out:392 type:P dur:2 cpbdur:2 q:27.17 aq:22.81 tex:341639 mv:47780 misc:1069 imb:5916 pmb:2153 smb:91 d:s ref:0 ;
in:393 out:393 type:P dur:2 cpbdur:2 q:27.18 aq:22.73 tex:346958 mv:48209 misc:985 imb:5882 pmb:2205 smb:73 d:s ref:0 ;
in:394 out:394 type:P dur:2 cpbdur:2 q:27.19 aq:22.83 tex:337044 mv:46721 misc:1163 imb:5963 pmb:2101 smb:96 d:s ref:0 ;
in:395 out:395 type:P dur:2 cpbdur:2 q:27.19 aq:22.79 tex:340536 mv:47890 misc:1206 imb:5838 pmb:2215 smb:107 d:s ref:0 ;
in:396 out:396 type:P dur:2 cpbdur:2 q:27.19 aq:22.79 tex:334466 mv:47887 misc:1175 imb:5841 pmb:2211 smb:108 d:s ref:0 ;
in:397 out:397 type:P dur:2 cpbdur:2 q:27.20 aq:22.82 tex:337798 mv:48046 misc:1172 imb:5798 pmb:2266 smb:96 d:s ref:0 ;
in:398 out:398 type:P dur:2 cpbdur:2 q:27.20 aq:22.74 tex:338979 mv:47374 misc:1175 imb:5849 pmb:2208 smb:103 d:s ref:0 ;
in:399 out:399 type:P dur:2 cpbdur:2 q:27.20 aq:22.74 tex:329811 mv:48171 misc:1178 imb:5806 pmb:2242 smb:112 d:s ref:0 ;
in:400 out:400 type:P dur:2 cpbdur:2 q:27.20 aq:22.77 tex:333454 mv:47625 misc:1185 imb:5882 pmb:2162 smb:116 d:s ref:0 ;
in:401 out:401 type:P dur:2 cpbdur:2 q:27.20 aq:22.78 tex:323162 mv:46888 misc:1342 imb:5852 pmb:2168 smb:140 d:s ref:0 ;
in:402 out:402 type:P dur:2 cpbdur:2 q:27.21 aq:22.74 tex:322961 mv:47428 misc:1259 imb:5803 pmb:2229 smb:128 d:s ref:0 ;
in:403 out:403 type:P dur:2 cpbdur:2 q:27.21 aq:22.80 tex:334170 mv:46764 misc:1258 imb:5838 pmb:2197 smb:125 d:s ref:0 ;
in:404 out:404 type:P dur:2 cpbdur:2 q:27.21 aq:22.79 tex:334231 mv:46841 misc:1112 imb:5941 pmb:2116 smb:103 d:s ref:0 ;
in:405 out:405 type:P dur:2 cpbdur:2 q:27.21 aq:22.72 tex:323802 mv:47146 misc:1212 imb:5931 pmb:2107 smb:122 d:s ref:0 ;
in:406 out:406 type:P dur:2 cpbdur:2 q:27.21 aq:22.71 tex:325710 mv:47763 misc:1311 imb:5853 pmb:2167 smb:140 d:s ref:0 ;
in:407 out:407 type:P dur:2 cpbdur:2 q:27.20 aq:22.66 tex:321409 mv:47800 misc:1183 imb:5861 pmb:2182 smb:117 d:s ref:0 ;
in:408 out:408 type:P dur:2 cpbdur:2 q:27.20 aq:22.77 tex:329878 mv:47009 misc:1321 imb:5790 pmb:2238 smb:132 d:s ref:0 ;
in:409 out:409 type:P dur:2 cpbdur:2 q:27.20 aq:22.71 tex:329295 mv:47814 misc:1243 imb:5805 pmb:2232 smb:123 d:s ref:0 ;
in:410 out:410 type:P dur:2 cpbdur:2 q:27.19 aq:22.78 tex:321703 mv:47153 misc:1240 imb:5919 pmb:2116 smb:125 d:s ref:0 ;
in:411 out:411 type:P dur:2 cpbdur:2 q:27.19 aq:22.75 tex:325344 mv:47342 misc:1298 imb:5818 pmb:2212 smb:130 d:s ref:0 ;
in:412 out:412 type:P dur:2 cpbdur:2 q:27.19 aq:22.65 tex:322956 mv:47077 misc:1255 imb:5872 pmb:2155 smb:133 d:s ref:0 ;
in:413 out:413 type:P dur:2 cpbdur:2 q:27.18 aq:22.67 tex:329718 mv:48228 misc:1318 imb:5823 pmb:2201 smb:136 d:s ref:0 ;
in:414 out:414 type:P dur:2 cpbdur:2 q:27.18 aq:22.76 tex:334684 mv:48674 misc:1250 imb:5740 pmb:2298 smb:122 d:s ref:0 ;
in:415 out:415 type:P dur:2 cpbdur:2 q:27.18 aq:22.78 tex:367383 mv:47964 misc:1213 imb:5785 pmb:2257 smb:118 d:s ref:0 ;
in:416 out:416 type:I dur:2 cpbdur:2 q:24.27 aq:20.07 tex:707825 mv:136432 misc:519 imb:8160 pmb:0 smb:0 d:s ref:;
in:420 out:417 type:P dur:2 cpbdur:2 q:27.22 aq:22.62 tex:441344 mv:41754 misc:726 imb:6923 pmb:1210 smb:27 d:s ref:0 ;
in:418 out:418 type:B dur:2 cpbdur:2 q:27.22 aq:22.67 tex:285065 mv:70367 misc:2328 imb:4372 pmb:3351 smb:437 d:s ref:0 ;
in:417 out:419 type:b dur:2 cpbdur:2 q:27.22 aq:23.19 tex:304440 mv:64911 misc:2377 imb:4108 pmb:3600 smb:452 d:s ref:0 ;
in:419 out:420 type:b dur:2 cpbdur:2 q:27.22 aq:22.95 tex:227696 mv:62821 misc:3779 imb:3075 pmb:4272 smb:813 d:- ref:0 ;
in:424 out:421 type:P dur:2 cpbdur:2 q:27.21 aq:22.68 tex:387058 mv:44702 misc:1160 imb:6124 pmb:1915 smb:121 d:s ref:0 ;
in:422 out:422 type:B dur:2 cpbdur:2 q:27.22 aq:22.74 tex:250747 mv:66583 misc:2982 imb:3475 pmb:4114 smb:571 d:s ref:0 ;
in:421 out:423 type:b dur:2 cpbdur:2 q:27.22 aq:23.11 tex:242574 mv:62542 misc:3380 imb:2985 pmb:4467 smb:708 d:s ref:0 ;
in:423 out:424 type:b dur:2 cpbdur:2 q:27.22 aq:23.18 tex:273144 mv:62983 misc:2905 imb:3239 pmb:4339 smb:582 d:- ref:0 ;
in:428 out:425 type:P dur:2 cpbdur:2 q:27.20 aq:22.81 tex:382925 mv:43904 misc:1227 imb:5960 pmb:2059 smb:141 d:s ref:0 ;
in:426 out:426 type:B dur:2 cpbdur:2 q:27.21 aq:22.91 tex:273926 mv:65005 misc:2797 imb:3301 pmb:4279 smb:580 d:s ref:0 ;
in:425 out:427 type:b dur:2 cpbdur:2 q:27.21 aq:23.07 tex:234323 mv:62076 misc:3433 imb:2895 pmb:4525 smb:740 d:s ref:0 ;
in:427 out:428 type:b dur:2 cpbdur:2 q:27.21 aq:23.09 tex:255479 mv:64003 misc:3222 imb:3321 pmb:4166 smb:673 d:- ref:0 ;
in:432 out:429 type:P dur:2 cpbdur:2 q:27.19 aq:22.98 tex:402221 mv:42876 misc:1231 imb:5926 pmb:2105 smb:129 d:s ref:0 ;
in:430 out:430 type:B dur:2 cpbdur:2 q:27.20 aq:23.05 tex:299895 mv:64765 misc:2444 imb:3372 pmb:4272 smb:516 d:s ref:0 ;
in:429 out:431 type:b dur:2 cpbdur:2 q:27.20 aq:23.16 tex:289017 mv:63968 misc:2383 imb:3571 pmb:4061 smb:528 d:s ref:0 ;
in:431 out:432 type:b dur:2 cpbdur:2 q:27.19 aq:23.13 tex:270143 mv:65574 misc:2915 imb:3584 pmb:3929 smb:647 d:- ref:0 ;
in:436 out:433 type:P dur:2 cpbdur:2 q:27.20 aq:23.01 tex:392377 mv:41726 misc:1177 imb:6189 pmb:1853 smb:118 d:s ref:0 ;
in:434 out:434 type:B dur:2 cpbdur:2 q:27.19 aq:23.02 tex:302962 mv:65324 misc:2434 imb:3609 pmb:4027 smb:524 d:s ref:0 ;
in:433 out:435 type:b dur:2 cpbdur:2 q:27.19 aq:23.20 tex:292665 mv:64610 misc:2389 imb:3354 pmb:4258 smb:548 d:s ref:0 ;
in:435 out:436 type:b dur:2 cpbdur:2 q:27.19 aq:23.15 tex:295108 mv:64407 misc:2389 imb:3796 pmb:3805 smb:559 d:- ref:0 ;
in:440 out:437 type:P dur:2 cpbdur:2 q:27.17 aq:22.96 tex:391185 mv:41553 misc:1158 imb:6187 pmb:1839 smb:134 d:s ref:0 ;
in:438 out:438 type:B dur:2 cpbdur:2 q:27.18 aq:23.00 tex:299675 mv:64481 misc:2604 imb:3524 pmb:4056 smb:580 d:t ref:0 ;
in:437 out:439 type:b dur:2 cpbdur:2 q:27.19 aq:23.18 tex:274711 mv:64497 misc:2576 imb:3254 pmb:4306 smb:600 d:s ref:0 ;
in:439 out:440 type:b dur:2 cpbdur:2 q:27.17 aq:23.15 tex:297590 mv:65262 misc:2332 imb:3353 pmb:4244 smb:563 d:- ref:0 ;
in:444 out:441 type:P dur:2 cpbdur:2 q:27.14 aq:23.02 tex:393603 mv:42237 misc:1336 imb:6079 pmb:1901 smb:180 d:s ref:0 ;
in:442 out:442 type:B dur:2 cpbdur:2 q:27.15 aq:23.00 tex:317258 mv:65886 misc:2192 imb:3544 pmb:4090 smb:526 d:t ref:0 ;
in:441 out:443 type:b dur:2 cpbdur:2 q:27.16 aq:23.22 tex:295436 mv:64952 misc:2284 imb:3590 pmb:4023 smb:547 d:s ref:0 ;
in:443 out:444 type:b dur:2 cpbdur:2 q:27.15 aq:23.14 tex:286855 mv:66171 misc:2286 imb:3487 pmb:4118 smb:555 d:- ref:0 ;
in:448 out:445 type:P dur:2 cpbdur:2 q:27.11 aq:22.97 tex:400119 mv:41744 misc:1193 imb:6152 pmb:1883 smb:125 d:s ref:0 ;
in:446 out:446 type:B dur:2 cpbdur:2 q:27.13 aq:23.00 tex:310633 mv:65680 misc:2311 imb:3645 pmb:3962 smb:553 d:t ref:0 ;
in:445 out:447 type:b dur:2 cpbdur:2 q:27.13 aq:23.30 tex:321659 mv:64444 misc:1977 imb:3175 pmb:4501 smb:484 d:s ref:0 ;
in:447 out:448 type:b dur:2 cpbdur:2 q:27.12 aq:23.15 tex:303994 mv:66240 misc:2094 imb:3716 pmb:3928 smb:516 d:- ref:0 ;
in:452 out:449 type:P dur:2 cpbdur:2 q:27.10 aq:22.94 tex:405993 mv:42261 misc:1202 imb:6153 pmb:1872 smb:135 d:s ref:0 ;
in:450 out:450 type:B dur:2 cpbdur:2 q:27.10 aq:22.99 tex:315238 mv:66389 misc:2197 imb:3586 pmb:4051 smb:523 d:t ref:0 ;
in:449 out:451 type:b dur:2 cpbdur:2 q:27.11 aq:23.20 tex:284722 mv:66848 misc:2278 imb:3293 pmb:4325 smb:542 d:s ref:0 ;
in:451 out:452 type:b dur:2 cpbdur:2 q:27.10 aq:23.29 tex:320202 mv:66340 misc:1978 imb:3217 pmb:4448 smb:495 d:- ref:0 ;
in:456 out:453 type:P dur:2 cpbdur:2 q:27.10 aq:23.02 tex:455867 mv:42820 misc:1409 imb:6005 pmb:1958 smb:197 d:s ref:0 ;
in:454 out:454 type:B dur:2 cpbdur:2 q:27.10 aq:23.06 tex:330726 mv:66767 misc:2243 imb:3495 pmb:4119 smb:546 d:s ref:0 ;
in:453 out:455 type:b dur:2 cpbdur:2 q:27.10 aq:23.23 tex:313696 mv:66270 misc:2082 imb:3604 pmb:4037 smb:519 d:s ref:0 ;
in:455 out:456 type:b dur:2 cpbdur:2 q:27.10 aq:23.18 tex:296280 mv:67304 misc:2424 imb:3444 pmb:4083 smb:633 d:- ref:0 ;
in:460 out:457 type:P dur:2 cpbdur:2 q:27.12 aq:22.96 tex:453909 mv:42026 misc:1425 imb:6088 pmb:1839 smb:233 d:s ref:0 ;
in:458 out:458 type:B dur:2 cpbdur:2 q:27.11 aq:23.12 tex:315798 mv:65197 misc:2477 imb:3567 pmb:3955 smb:638 d:s ref:0 ;
in:457 out:459 type:b dur:2 cpbdur:2 q:27.10 aq:23.34 tex:318448 mv:65122 misc:2190 imb:3198 pmb:4380 smb:582 d:s ref:0 ;
in:459 out:460 type:b dur:2 cpbdur:2 q:27.11 aq:23.20 tex:304787 mv:65269 misc:2240 imb:3609 pmb:3920 smb:631 d:- ref:0 ;
in:464 out:461 type:P dur:2 cpbdur:2 q:27.14 aq:22.96 tex:423858 mv:42263 misc:1423 imb:6027 pmb:1883 smb:250 d:s ref:0 ;
in:462 out:462 type:B dur:2 cpbdur:2 q:27.13 aq:23.04 tex:314848 mv:65885 misc:2355 imb:3635 pmb:3905 smb:620 d:s ref:0 ;
in:461 out:463 type:b dur:2 cpbdur:2 q:27.12 aq:23.24 tex:286779 mv:65783 misc:2462 imb:3240 pmb:4247 smb:673 d:s ref:0 ;
in:463 out:464 type:b dur:2 cpbdur:2 q:27.13 aq:23.26 tex:320076 mv:64510 misc:2246 imb:3193 pmb:4357 smb:610 d:- ref:0 ;
in:468 out:465 type:P dur:2 cpbdur:2 q:27.15 aq:23.02 tex:401365 mv:41750 misc:1437 imb:5984 pmb:1921 smb:255 d:s ref:0 ;
in:466 out:466 type:B dur:2 cpbdur:2 q:27.14 aq:23.14 tex:319266 mv:64259 misc:2187 imb:3485 pmb:4057 smb:618 d:s ref:0 ;
in:465 out:467 type:b dur:2 cpbdur:2 q:27.14 aq:23.22 tex:305891 mv:63992 misc:2189 imb:3440 pmb:4075 smb:645 d:s ref:0 ;
in:467 out:468 type:b dur:2 cpbdur:2 q:27.15 aq:23.28 tex:288551 mv:65841 misc:2472 imb:3293 pmb:4184 smb:683 d:- ref:0 ;
in:472 out:469 type:P dur:2 cpbdur:2 q:27.16 aq:23.07 tex:404139 mv:41849 misc:1508 imb:5934 pmb:1934 smb:292 d:s ref:0 ;
in:470 out:470 type:B dur:2 cpbdur:2 q:27.15 aq:23.15 tex:308893 mv:65324 misc:2319 imb:3491 pmb:4004 smb:665 d:t ref:0 ;
in:469 out:471 type:b dur:2 cpbdur:2 q:27.15 aq:23.29 tex:312536 mv:63688 misc:2176 imb:3132 pmb:4373 smb:655 d:s ref:0 ;
in:471 out:472 type:b dur:2 cpbdur:2 q:27.15 aq:23.27 tex:300460 mv:65412 misc:2256 imb:3505 pmb:3969 smb:686 d:- ref:0 ;
in:476 out:473 type:P dur:2 cpbdur:2 q:27.16 aq:23.08 tex:397228 mv:41851 misc:1489 imb:6014 pmb:1864 smb:282 d:s ref:0 ;
in:474 out:474 type:B dur:2 cpbdur:2 q:27.16 aq:23.05 tex:309507 mv:65292 misc:2329 imb:3574 pmb:3907 smb:679 d:t ref:0 ;
in:473 out:475 type:b dur:2 cpbdur:2 q:27.16 aq:23.32 tex:285127 mv:65633 misc:2416 imb:3198 pmb:4253 smb:709 d:s ref:0 ;
in:475 out:476 type:b dur:2 cpbdur:2 q:27.16 aq:23.34 tex:303577 mv:65118 misc:2273 imb:3165 pmb:4292 smb:703 d:- ref:0 ;
in:480 out:477 type:P dur:2 cpbdur:2 q:27.16 aq:23.09 tex:391595 mv:41528 misc:1469 imb:6034 pmb:1920 smb:206 d:s ref:0 ;
in:478 out:478 type:B dur:2 cpbdur:2 q:27.16 aq:23.09 tex:316475 mv:63917 misc:2240 imb:3486 pmb:3982 smb:692 d:t ref:0 ;
in:477 out:479 type:b dur:2 cpbdur:2 q:27.16 aq:23.26 tex:307353 mv:64552 misc:2223 imb:3387 pmb:4099 smb:674 d:s ref:0 ;
in:479 out:480 type:b dur:2 cpbdur:2 q:27.16 aq:23.42 tex:295585 mv:65377 misc:2294 imb:3151 pmb:4309 smb:700 d:- ref:0 ;
in:484 out:481 type:P dur:2 cpbdur:2 q:27.16 aq:23.07 tex:391656 mv:40742 misc:1674 imb:6011 pmb:1867 smb:282 d:s ref:0 ;
in:482 out:482 type:B dur:2 cpbdur:2 q:27.16 aq:23.08 tex:311788 mv:64259 misc:2369 imb:3545 pmb:3907 smb:708 d:t ref:0 ;
in:481 out:483 type:b dur:2 cpbdur:2 q:27.16 aq:23.37 tex:303410 mv:64580 misc:2226 imb:3073 pmb:4400 smb:687 d:s ref:0 ;
in:483 out:484 type:b dur:2 cpbdur:2 q:27.16 aq:23.22 tex:309702 mv:64754 misc:2192 imb:3356 pmb:4122 smb:682 d:- ref:0 ;
in:488 out:485 type:P dur:2 cpbdur:2 q:27.16 aq:23.09 tex:386988 mv:41170 misc:1738 imb:5987 pmb:1835 smb:338 d:s ref:0 ;
in:486 out:486 type:B dur:2 cpbdur:2 q:27.16 aq:23.08 tex:317161 mv:63831 misc:2352 imb:3463 pmb:3989 smb:708 d:s ref:0 ;
in:485 out:487 type:b dur:2 cpbdur:2 q:27.16 aq:23.53 tex:285728 mv:65640 misc:2400 imb:3146 pmb:4292 smb:722 d:s ref:0 ;
in:487 out:488 type:b dur:2 cpbdur:2 q:27.16 aq:23.39 tex:304000 mv:64894 misc:2258 imb:3149 pmb:4307 smb:704 d:- ref:0 ;
in:492 out:489 type:P dur:2 cpbdur:2 q:27.16 aq:23.11 tex:393094 mv:41543 misc:1803 imb:5949 pmb:1811 smb:400 d:s ref:0 ;
in:490 out:490 type:B dur:2 cpbdur:2 q:27.16 aq:23.10 tex:312179 mv:63128 misc:2365 imb:3471 pmb:3959 smb:730 d:t ref:0 ;
in:489 out:491 type:b dur:2 cpbdur:2 q:27.16 aq:23.30 tex:311346 mv:63886 misc:2288 imb:3331 pmb:4131 smb:698 d:s ref:0 ;
in:491 out:492 type:b dur:2 cpbdur:2 q:27.16 aq:23.50 tex:287525 mv:64920 misc:2451 imb:3088 pmb:4328 smb:744 d:- ref:0 ;
in:496 out:493 type:P dur:2 cpbdur:2 q:27.16 aq:23.04 tex:408683 mv:41130 misc:1739 imb:5950 pmb:1734 smb:476 d:s ref:0 ;
in:494 out:494 type:B dur:2 cpbdur:2 q:27.16 aq:23.09 tex:313290 mv:64065 misc:2533 imb:3471 pmb:3930 smb:759 d:t ref:0 ;
in:493 out:495 type:b dur:2 cpbdur:2 q:27.16 aq:23.35 tex:306206 mv:64451 misc:2343 imb:3062 pmb:4356 smb:742 d:s ref:0 ;
in:495 out:496 type:b dur:2 cpbdur:2 q:27.16 aq:23.24 tex:313016 mv:64134 misc:2210 imb:3232 pmb:4222 smb:706 d:- ref:0 ;
in:500 out:497 type:P dur:2 cpbdur:2 q:27.16 aq:23.09 tex:419539 mv:41075 misc:1714 imb:5916 pmb:1737 smb:507 d:s ref:0 ;
in:498 out:498 type:B dur:2 cpbdur:2 q:27.16 aq:23.19 tex:306298 mv:65136 misc:2510 imb:3527 pmb:3878 smb:755 d:t ref:0 ;
in:497 out:499 type:b dur:2 cpbdur:2 q:27.16 aq:23.47 tex:292007 mv:63043 misc:2414 imb:2977 pmb:4435 smb:748 d:s ref:0 ;
in:499 out:500 type:b dur:2 cpbdur:2 q:27.16 aq:23.31 tex:311434 mv:63930 misc:2212 imb:2998 pmb:4435 smb:727 d:- ref:0 ;
in:504 out:501 type:P dur:2 cpbdur:2 q:27.16 aq:23.12 tex:407108 mv:40665 misc:1643 imb:5860 pmb:1749 smb:551 d:s ref:0 ;
in:502 out:502 type:B dur:2 cpbdur:2 q:27.16 aq:23.15 tex:308240 mv:63546 misc:2574 imb:3436 pmb:3927 smb:797 d:s ref:0 ;
in:501 out:503 type:b dur:2 cpbdur:2 q:27.16 aq:23.28 tex:311617 mv:63370 misc:2429 imb:3157 pmb:4218 smb:785 d:s ref:0 ;
in:503 out:504 type:b dur:2 cpbdur:2 q:27.16 aq:23.40 tex:295543 mv:63692 misc:2509 imb:2966 pmb:4398 smb:796 d:- ref:0 ;
in:508 out:505 type:P dur:2 cpbdur:2 q:27.16 aq:23.14 tex:398173 mv:40707 misc:1600 imb:5851 pmb:1780 smb:529 d:s ref:0 ;
in:506 out:506 type:B dur:2 cpbdur:2 q:27.16 aq:23.14 tex:306685 mv:64336 misc:2539 imb:3443 pmb:3902 smb:815 d:t ref:0 ;
in:505 out:507 type:b dur:2 cpbdur:2 q:27.16 aq:23.38 tex:301094 mv:63195 misc:2519 imb:2954 pmb:4386 smb:820 d:s ref:0 ;
in:507 out:508 type:b dur:2 cpbdur:2 q:27.16 aq:23.29 tex:313435 mv:63368 misc:2261 imb:3260 pmb:4102 smb:798 d:- ref:0 ;
in:512 out:509 type:P dur:2 cpbdur:2 q:27.16 aq:23.17 tex:382094 mv:40078 misc:1756 imb:5865 pmb:1698 smb:597 d:s ref:0 ;
in:510 out:510 type:B dur:2 cpbdur:2 q:27.16 aq:23.14 tex:306303 mv:62472 misc:2609 imb:3420 pmb:3901 smb:839 d:t ref:0 ;
in:509 out:511 type:b dur:2 cpbdur:2 q:27.16 aq:23.39 tex:315909 mv:62736 misc:2411 imb:2936 pmb:4407 smb:817 d:s ref:0 ;
in:511 out:512 type:b dur:2 cpbdur:2 q:27.16 aq:23.37 tex:299569 mv:63500 misc:2459 imb:2962 pmb:4356 smb:842 d:- ref:0 ;
in:516 out:513 type:P dur:2 cpbdur:2 q:27.17 aq:23.26 tex:396157 mv:41871 misc:1700 imb:5888 pmb:1950 smb:322 d:s ref:0 ;
in:514 out:514 type:B dur:2 cpbdur:2 q:27.17 aq:23.10 tex:308034 mv:62769 misc:2821 imb:3391 pmb:4044 smb:725 d:s ref:0 ;
in:513 out:515 type:b dur:2 cpbdur:2 q:27.16 aq:23.30 tex:307314 mv:62443 misc:2507 imb:3082 pmb:4236 smb:842 d:s ref:0 ;
in:515 out:516 type:b dur:2 cpbdur:2 q:27.17 aq:23.46 tex:302583 mv:64122 misc:2559 imb:2970 pmb:4448 smb:742 d:- ref:0 ;
in:520 out:517 type:P dur:2 cpbdur:2 q:27.17 aq:23.45 tex:378391 mv:41351 misc:1882 imb:5953 pmb:1836 smb:371 d:s ref:0 w:6,55,4,7,103,25,110,18 ;
in:518 out:518 type:B dur:2 cpbdur:2 q:27.17 aq:23.56 tex:325395 mv:66631 misc:2374 imb:3396 pmb:4392 smb:372 d:s ref:0 ;
in:517 out:519 type:b dur:2 cpbdur:2 q:27.17 aq:23.70 tex:311753 mv:65368 misc:2567 imb:3027 pmb:4541 smb:592 d:s ref:0 ;
in:519 out:520 type:b dur:2 cpbdur:2 q:27.17 aq:23.61 tex:317021 mv:66984 misc:2315 imb:3183 pmb:4448 smb:529 d:- ref:0 ;
in:521 out:521 type:P dur:2 cpbdur:2 q:27.17 aq:23.64 tex:387743 mv:43061 misc:1892 imb:5547 pmb:2253 smb:360 d:s ref:0 w:7,119,2,7,121,7,119,9 ;
in:522 out:522 type:P dur:2 cpbdur:2 q:27.17 aq:23.55 tex:390735 mv:42813 misc:1956 imb:5797 pmb:2012 smb:351 d:s ref:0 w:7,109,5,7,112,16,119,9 ;
in:523 out:523 type:P dur:2 cpbdur:2 q:27.17 aq:23.68 tex:361357 mv:44448 misc:1915 imb:5700 pmb:2164 smb:296 d:s ref:0 w:5,25,7,7,101,27,101,27 ;
in:524 out:524 type:P dur:2 cpbdur:2 q:27.18 aq:23.57 tex:363218 mv:43318 misc:1216 imb:6023 pmb:2041 smb:96 d:s ref:0 w:7,85,10,7,97,31,92,36 ;
in:525 out:525 type:P dur:2 cpbdur:2 q:27.18 aq:22.76 tex:454355 mv:44903 misc:574 imb:8160 pmb:0 smb:0 d:s ref:0 ;
in:526 out:526 type:P dur:2 cpbdur:2 q:27.18 aq:22.99 tex:365189 mv:60658 misc:897 imb:5228 pmb:2895 smb:37 d:s ref:0 ;
in:527 out:527 type:P dur:2 cpbdur:2 q:27.18 aq:23.08 tex:391095 mv:58113 misc:952 imb:5715 pmb:2390 smb:55 d:s ref:0 ;
in:528 out:528 type:P dur:2 cpbdur:2 q:27.19 aq:23.08 tex:409790 mv:56168 misc:906 imb:5849 pmb:2264 smb:47 d:s ref:0 ;
in:529 out:529 type:P dur:2 cpbdur:2 q:27.19 aq:23.20 tex:434340 mv:58273 misc:947 imb:5535 pmb:2569 smb:56 d:s ref:0 ;
in:530 out:530 type:P dur:2 cpbdur:2 q:27.19 aq:23.15 tex:421445 mv:58607 misc:972 imb:5392 pmb:2712 smb:56 d:s ref:0 ;
in:531 out:531 type:P dur:2 cpbdur:2 q:27.19 aq:23.10 tex:410875 mv:58527 misc:918 imb:5223 pmb:2886 smb:51 d:s ref:0 ;
in:532 out:532 type:P dur:2 cpbdur:2 q:27.20 aq:23.15 tex:410064 mv:58062 misc:1026 imb:5114 pmb:2984 smb:62 d:s ref:0 ;
in:533 out:533 type:P dur:2 cpbdur:2 q:27.20 aq:23.16 tex:403804 mv:56983 misc:1125 imb:5109 pmb:2972 smb:79 d:s ref:0 ;
in:534 out:534 type:P dur:2 cpbdur:2 q:27.21 aq:23.10 tex:389175 mv:57430 misc:1195 imb:5050 pmb:3018 smb:92 d:s ref:0 w:6,65,-3,5,33,-4,32,0 ;
in:535 out:535 type:P dur:2 cpbdur:2 q:27.21 aq:23.11 tex:387067 mv:56331 misc:1138 imb:5132 pmb:2936 smb:92 d:s ref:0 ;
in:536 out:536 type:P dur:2 cpbdur:2 q:27.21 aq:23.07 tex:377707 mv:55997 misc:1232 imb:5016 pmb:3043 smb:101 d:s ref:0 ;
in:537 out:537 type:P dur:2 cpbdur:2 q:27.22 aq:23.06 tex:367194 mv:56710 misc:1104 imb:5085 pmb:2994 smb:81 d:s ref:0 ;
in:538 out:538 type:P dur:2 cpbdur:2 q:27.22 aq:23.25 tex:416240 mv:55243 misc:909 imb:5018 pmb:3096 smb:46 d:s ref:0 ;
in:539 out:539 type:P dur:2 cpbdur:2 q:27.22 aq:23.00 tex:361425 mv:56866 misc:1141 imb:5241 pmb:2826 smb:93 d:s ref:0 ;
in:540 out:540 type:P dur:2 cpbdur:2 q:27.23 aq:23.02 tex:350248 mv:56331 misc:1237 imb:5036 pmb:3009 smb:115 d:s ref:0 ;
in:541 out:541 type:P dur:2 cpbdur:2 q:27.24 aq:23.03 tex:335832 mv:56827 misc:1517 imb:4919 pmb:3090 smb:151 d:s ref:0 ;
in:542 out:542 type:P dur:2 cpbdur:2 q:27.25 aq:23.08 tex:354788 mv:55917 misc:1463 imb:5002 pmb:3007 smb:151 d:s ref:0 ;
in:543 out:543 type:I dur:2 cpbdur:2 q:24.28 aq:20.07 tex:797105 mv:166093 misc:490 imb:8160 pmb:0 smb:0 d:s ref:;
in:547 out:544 type:P dur:2 cpbdur:2 q:27.30 aq:23.12 tex:373830 mv:52573 misc:1077 imb:5987 pmb:2080 smb:93 d:s ref:0 ;
in:545 out:545 type:B dur:2 cpbdur:2 q:27.30 aq:23.18 tex:271910 mv:76456 misc:2442 imb:2981 pmb:4809 smb:370 d:t ref:0 ;
in:544 out:546 type:b dur:2 cpbdur:2 q:27.30 aq:23.40 tex:235982 mv:72554 misc:3368 imb:2774 pmb:4618 smb:768 d:s ref:0 ;
in:546 out:547 type:b dur:2 cpbdur:2 q:27.30 aq:23.45 tex:224657 mv:69011 misc:3508 imb:2510 pmb:4953 smb:697 d:- ref:0 ;
in:551 out:548 type:P dur:2 cpbdur:2 q:27.32 aq:23.02 tex:357410 mv:54318 misc:1000 imb:5978 pmb:2115 smb:67 d:s ref:0 ;
in:549 out:549 type:B dur:2 cpbdur:2 q:27.31 aq:23.25 tex:290253 mv:73210 misc:2793 imb:2715 pmb:5003 smb:442 d:t ref:0 ;
in:548 out:550 type:b dur:2 cpbdur:2 q:27.30 aq:23.48 tex:235333 mv:69726 misc:3173 imb:2393 pmb:5211 smb:556 d:s ref:0 ;
in:550 out:551 type:b dur:2 cpbdur:2 q:27.32 aq:23.50 tex:277128 mv:71577 misc:2711 imb:2751 pmb:4977 smb:432 d:- ref:0 ;
in:555 out:552 type:P dur:2 cpbdur:2 q:27.34 aq:23.02 tex:385348 mv:54959 misc:1213 imb:5714 pmb:2349 smb:97 d:s ref:0 ;
in:553 out:553 type:B dur:2 cpbdur:2 q:27.33 aq:23.20 tex:273103 mv:70762 misc:2727 imb:2729 pmb:5012 smb:419 d:t ref:0 ;
in:552 out:554 type:b dur:2 cpbdur:2 q:27.33 aq:23.32 tex:250448 mv:70015 misc:3097 imb:2807 pmb:4833 smb:520 d:s ref:0 ;
in:554 out:555 type:b dur:2 cpbdur:2 q:27.33 aq:23.40 tex:250988 mv:70305 misc:2923 imb:2720 pmb:4958 smb:482 d:- ref:0 ;
in:559 out:556 type:P dur:2 cpbdur:2 q:27.35 aq:22.95 tex:362904 mv:55214 misc:1234 imb:5490 pmb:2566 smb:104 d:s ref:0 ;
in:557 out:557 type:B dur:2 cpbdur:2 q:27.34 aq:23.03 tex:234891 mv:67917 misc:3320 imb:2365 pmb:5197 smb:598 d:s ref:0 ;
in:556 out:558 type:b dur:2 cpbdur:2 q:27.34 aq:23.39 tex:228427 mv:69397 misc:3320 imb:2461 pmb:5110 smb:589 d:s ref:0 ;
in:558 out:559 type:b dur:2 cpbdur:2 q:27.34 aq:23.18 tex:211611 mv:66510 misc:3767 imb:2465 pmb:4883 smb:812 d:- ref:0 ;
in:563 out:560 type:P dur:2 cpbdur:2 q:27.36 aq:22.93 tex:327810 mv:54298 misc:1372 imb:5436 pmb:2575 smb:149 d:s ref:0 ;
in:561 out:561 type:B dur:2 cpbdur:2 q:27.35 aq:22.94 tex:224671 mv:67086 misc:3539 imb:2372 pmb:5050 smb:738 d:t ref:0 ;
in:560 out:562 type:b dur:2 cpbdur:2 q:27.35 aq:23.19 tex:217533 mv:65443 misc:3640 imb:2487 pmb:4846 smb:827 d:s ref:0 ;
in:562 out:563 type:b dur:2 cpbdur:2 q:27.36 aq:23.29 tex:218376 mv:64235 misc:3605 imb:2326 pmb:5037 smb:797 d:- ref:0 ;
in:567 out:564 type:P dur:2 cpbdur:2 q:27.33 aq:23.21 tex:438549 mv:53249 misc:1362 imb:5418 pmb:2616 smb:126 d:s ref:0 ;
in:565 out:565 type:B dur:2 cpbdur:2 q:27.35 aq:23.13 tex:268807 mv:69658 misc:3031 imb:2750 pmb:4779 smb:631 d:t ref:0 ;
in:564 out:566 type:b dur:2 cpbdur:2 q:27.35 aq:23.20 tex:213968 mv:66585 misc:3687 imb:2522 pmb:4811 smb:827 d:s ref:0 ;
in:566 out:567 type:b dur:2 cpbdur:2 q:27.34 aq:23.38 tex:232719 mv:69029 misc:3468 imb:2715 pmb:4675 smb:770 d:- ref:0 ;
in:571 out:568 type:P dur:2 cpbdur:2 q:27.31 aq:22.95 tex:448106 mv:55193 misc:1197 imb:5741 pmb:2303 smb:116 d:s ref:0 ;
in:569 out:569 type:B dur:2 cpbdur:2 q:27.32 aq:23.10 tex:244422 mv:69149 misc:3157 imb:2436 pmb:5033 smb:691 d:t ref:0 ;
in:568 out:570 type:b dur:2 cpbdur:2 q:27.33 aq:23.43 tex:206074 mv:66337 misc:3901 imb:2403 pmb:4867 smb:890 d:s ref:0 ;
in:570 out:571 type:b dur:2 cpbdur:2 q:27.32 aq:23.33 tex:204808 mv:65143 misc:4105 imb:2270 pmb:4929 smb:961 d:- ref:0 ;
in:575 out:572 type:P dur:2 cpbdur:2 q:27.28 aq:22.91 tex:389760 mv:54276 misc:1500 imb:5035 pmb:2957 smb:168 d:s ref:0 ;
in:573 out:573 type:B dur:2 cpbdur:2 q:27.30 aq:23.16 tex:238395 mv:64599 misc:3502 imb:2129 pmb:5248 smb:783 d:s ref:0 ;
in:572 out:574 type:b dur:2 cpbdur:2 q:27.30 aq:23.31 tex:204054 mv:64112 misc:4202 imb:2318 pmb:4796 smb:1046 d:s ref:0 ;
in:574 out:575 type:b dur:2 cpbdur:2 q:27.29 aq:23.33 tex:203171 mv:64053 misc:4096 imb:2254 pmb:4857 smb:1049 d:- ref:0 ;
in:579 out:576 type:P dur:2 cpbdur:2 q:27.24 aq:22.85 tex:358854 mv:53283 misc:1471 imb:5055 pmb:2927 smb:178 d:s ref:0 ;
in:577 out:577 type:B dur:2 cpbdur:2 q:27.26 aq:22.97 tex:227668 mv:66975 misc:3589 imb:2277 pmb:5044 smb:839 d:s ref:0 ;
in:576 out:578 type:b dur:2 cpbdur:2 q:27.27 aq:23.23 tex:196289 mv:63895 misc:4168 imb:2290 pmb:4800 smb:1070 d:s ref:0 ;
in:578 out:579 type:b dur:2 cpbdur:2 q:27.25 aq:23.24 tex:205975 mv:60954 misc:4063 imb:2206 pmb:4861 smb:1093 d:- ref:0 ;
in:583 out:580 type:P dur:2 cpbdur:2 q:27.21 aq:22.88 tex:344375 mv:52972 misc:1629 imb:4966 pmb:2992 smb:202 d:s ref:0 ;
in:581 out:581 type:B dur:2 cpbdur:2 q:27.22 aq:22.90 tex:228354 mv:65727 misc:3663 imb:2230 pmb:5061 smb:869 d:s ref:0 ;
in:580 out:582 type:b dur:2 cpbdur:2 q:27.23 aq:23.23 tex:211368 mv:62271 misc:3977 imb:2213 pmb:4876 smb:1071 d:s ref:0 ;
in:582 out:583 type:b dur:2 cpbdur:2 q:27.21 aq:23.12 tex:202946 mv:62610 misc:4076 imb:2223 pmb:4843 smb:1094 d:- ref:0 ;
in:587 out:584 type:P dur:2 cpbdur:2 q:27.17 aq:22.95 tex:367511 mv:54374 misc:1547 imb:5395 pmb:2575 smb:190 d:s ref:0 ;
in:585 out:585 type:B dur:2 cpbdur:2 q:27.19 aq:22.97 tex:238017 mv:66446 misc:3353 imb:2199 pmb:5238 smb:723 d:s ref:0 ;
in:584 out:586 type:b dur:2 cpbdur:2 q:27.20 aq:23.28 tex:213518 mv:62828 misc:3878 imb:2244 pmb:4963 smb:953 d:s ref:0 ;
in:586 out:587 type:b dur:2 cpbdur:2 q:27.18 aq:23.35 tex:239483 mv:68357 misc:3456 imb:2282 pmb:5109 smb:769 d:- ref:0 ;
in:591 out:588 type:P dur:2 cpbdur:2 q:27.13 aq:22.80 tex:387866 mv:55012 misc:1482 imb:5396 pmb:2587 smb:177 d:s ref:0 ;
in:589 out:589 type:B dur:2 cpbdur:2 q:27.15 aq:22.83 tex:251706 mv:69469 misc:3129 imb:2685 pmb:4809 smb:666 d:t ref:0 ;
in:588 out:590 type:b dur:2 cpbdur:2 q:27.16 aq:23.15 tex:241657 mv:68998 misc:3425 imb:2645 pmb:4759 smb:756 d:s ref:0 ;
in:590 out:591 type:b dur:2 cpbdur:2 q:27.14 aq:23.11 tex:236902 mv:69063 misc:3563 imb:2722 pmb:4623 smb:815 d:- ref:0 ;
in:595 out:592 type:P dur:2 cpbdur:2 q:27.10 aq:22.62 tex:390147 mv:54085 misc:1584 imb:5447 pmb:2498 smb:215 d:s ref:0 ;
in:593 out:593 type:B dur:2 cpbdur:2 q:27.12 aq:22.78 tex:251241 mv:70001 misc:3038 imb:2411 pmb:5086 smb:663 d:s ref:0 ;
in:592 out:594 type:b dur:2 cpbdur:2 q:27.13 aq:23.15 tex:229653 mv:68761 misc:3546 imb:2520 pmb:4850 smb:790 d:s ref:0 ;
in:594 out:595 type:b dur:2 cpbdur:2 q:27.11 aq:23.04 tex:213392 mv:64096 misc:3712 imb:2271 pmb:4994 smb:895 d:- ref:0 ;
in:599 out:596 type:P dur:2 cpbdur:2 q:27.06 aq:22.54 tex:354330 mv:54551 misc:1303 imb:5086 pmb:2916 smb:158 d:s ref:0 ;
in:597 out:597 type:B dur:2 cpbdur:2 q:27.08 aq:22.67 tex:228155 mv:68006 misc:3327 imb:2257 pmb:5116 smb:787 d:t ref:0 ;
in:596 out:598 type:b dur:2 cpbdur:2 q:27.09 aq:23.10 tex:238078 mv:62998 misc:3492 imb:2252 pmb:5038 smb:870 d:s ref:0 ;
in:598 out:599 type:b dur:2 cpbdur:2 q:27.07 aq:22.80 tex:203931 mv:67129 misc:3836 imb:2314 pmb:4827 smb:1019 d:- ref:0 ;
in:603 out:600 type:P dur:2 cpbdur:2 q:27.03 aq:22.44 tex:363046 mv:54739 misc:1479 imb:5054 pmb:2939 smb:167 d:s ref:0 ;
in:601 out:601 type:B dur:2 cpbdur:2 q:27.04 aq:22.55 tex:229981 mv:68836 misc:3375 imb:2354 pmb:4962 smb:844 d:t ref:0 ;
in:600 out:602 type:b dur:2 cpbdur:2 q:27.05 aq:22.90 tex:219754 mv:66318 misc:3632 imb:2406 pmb:4836 smb:918 d:s ref:0 ;
in:602 out:603 type:b dur:2 cpbdur:2 q:27.04 aq:22.91 tex:223766 mv:65274 misc:3640 imb:2230 pmb:4951 smb:979 d:- ref:0 ;
in:607 out:604 type:P dur:2 cpbdur:2 q:27.00 aq:22.37 tex:355052 mv:54132 misc:1688 imb:5099 pmb:2829 smb:232 d:s ref:0 ;
in:605 out:605 type:B dur:2 cpbdur:2 q:27.01 aq:22.62 tex:237570 mv:68757 misc:3377 imb:2240 pmb:5103 smb:817 d:t ref:0 ;
in:604 out:606 type:b dur:2 cpbdur:2 q:27.02 aq:22.93 tex:221664 mv:63785 misc:3647 imb:2209 pmb:4994 smb:957 d:s ref:0 ;
in:606 out:607 type:b dur:2 cpbdur:2 q:27.01 aq:22.87 tex:216457 mv:66345 misc:3862 imb:2231 pmb:4874 smb:1055 d:- ref:0 ;
in:611 out:608 type:P dur:2 cpbdur:2 q:26.98 aq:22.42 tex:345817 mv:54213 misc:1658 imb:4948 pmb:2960 smb:252 d:s ref:0 ;
in:609 out:609 type:B dur:2 cpbdur:2 q:26.99 aq:22.58 tex:236823 mv:68093 misc:3244 imb:2194 pmb:5131 smb:835 d:t ref:0 ;
in:608 out:610 type:b dur:2 cpbdur:2 q:26.99 aq:22.91 tex:223398 mv:62570 misc:3888 imb:2168 pmb:4939 smb:1053 d:s ref:0 ;
in:610 out:611 type:b dur:2 cpbdur:2 q:26.99 aq:22.87 tex:213040 mv:63911 misc:3977 imb:2137 pmb:4952 smb:1071 d:- ref:0 ;
in:615 out:612 type:P dur:2 cpbdur:2 q:26.95 aq:22.41 tex:358195 mv:54025 misc:1676 imb:4997 pmb:2934 smb:229 d:s ref:0 ;
in:613 out:613 type:B dur:2 cpbdur:2 q:26.97 aq:22.56 tex:239205 mv:68927 misc:3484 imb:2290 pmb:4979 smb:891 d:t ref:0 ;
in:612 out:614 type:b dur:2 cpbdur:2 q:26.97 aq:22.84 tex:220398 mv:64859 misc:3759 imb:2217 pmb:4918 smb:1025 d:s ref:0 ;
in:614 out:615 type:b dur:2 cpbdur:2 q:26.96 aq:22.85 tex:211104 mv:64118 misc:3938 imb:2343 pmb:4737 smb:1080 d:- ref:0 ;
in:619 out:616 type:P dur:2 cpbdur:2 q:26.92 aq:22.49 tex:375164 mv:54051 misc:1577 imb:4945 pmb:2992 smb:223 d:s ref:0 ;
in:617 out:617 type:B dur:2 cpbdur:2 q:26.94 aq:22.55 tex:246516 mv:70546 misc:3154 imb:2303 pmb:5050 smb:807 d:t ref:0 ;
in:616 out:618 type:b dur:2 cpbdur:2 q:26.94 aq:22.94 tex:235189 mv:65542 misc:3461 imb:2281 pmb:4920 smb:959 d:s ref:0 ;
in:618 out:619 type:b dur:2 cpbdur:2 q:26.93 aq:22.85 tex:228877 mv:68013 misc:3446 imb:2384 pmb:4844 smb:932 d:- ref:0 ;
in:623 out:620 type:P dur:2 cpbdur:2 q:26.89 aq:22.38 tex:388987 mv:54556 misc:1449 imb:5052 pmb:2907 smb:201 d:s ref:0 ;
in:621 out:621 type:B dur:2 cpbdur:2 q:26.91 aq:22.60 tex:243269 mv:68458 misc:3217 imb:2347 pmb:4979 smb:834 d:t ref:0 ;
in:620 out:622 type:b dur:2 cpbdur:2 q:26.91 aq:22.95 tex:222637 mv:64557 misc:3742 imb:2338 pmb:4806 smb:1016 d:s ref:0 ;
in:622 out:623 type:b dur:2 cpbdur:2 q:26.90 aq:22.77 tex:231935 mv:66818 misc:3671 imb:2214 pmb:4952 smb:994 d:- ref:0 ;
in:627 out:624 type:P dur:2 cpbdur:2 q:26.86 aq:22.29 tex:401875 mv:54960 misc:1509 imb:4959 pmb:2974 smb:227 d:s ref:0 ;
in:625 out:625 type:B dur:2 cpbdur:2 q:26.88 aq:22.58 tex:249493 mv:68637 misc:3270 imb:2248 pmb:5075 smb:837 d:s ref:0 ;
in:624 out:626 type:b dur:2 cpbdur:2 q:26.88 aq:22.75 tex:230968 mv:66895 misc:3705 imb:2341 pmb:4783 smb:1036 d:s ref:0 ;
in:626 out:627 type:b dur:2 cpbdur:2 q:26.87 aq:22.91 tex:226789 mv:66734 misc:3765 imb:2318 pmb:4812 smb:1030 d:- ref:0 ;
in:631 out:628 type:P dur:2 cpbdur:2 q:26.84 aq:22.19 tex:490011 mv:54399 misc:1078 imb:5240 pmb:2846 smb:74 d:s ref:0 ;
in:629 out:629 type:B dur:2 cpbdur:2 q:26.85 aq:22.79 tex:280249 mv:67588 misc:2891 imb:2243 pmb:5160 smb:757 d:t ref:0 ;
in:628 out:630 type:b dur:2 cpbdur:2 q:26.86 aq:22.81 tex:228098 mv:67890 misc:3636 imb:2447 pmb:4706 smb:1007 d:s ref:0 ;
in:630 out:631 type:b dur:2 cpbdur:2 q:26.85 aq:22.94 tex:282914 mv:63218 misc:3004 imb:2686 pmb:4577 smb:897 d:- ref:0 ;
in:635 out:632 type:P dur:2 cpbdur:2 q:26.82 aq:22.20 tex:378280 mv:53285 misc:1979 imb:4951 pmb:2843 smb:366 d:s ref:0 ;
in:633 out:633 type:B dur:2 cpbdur:2 q:26.83 aq:22.39 tex:253872 mv:66920 misc:3208 imb:2396 pmb:4860 smb:904 d:t ref:0 ;
in:632 out:634 type:b dur:2 cpbdur:2 q:26.83 aq:22.77 tex:209086 mv:60741 misc:4381 imb:2248 pmb:4629 smb:1283 d:s ref:0 ;
in:634 out:635 type:b dur:2 cpbdur:2 q:26.82 aq:22.77 tex:229050 mv:62597 misc:3977 imb:2092 pmb:4963 smb:1105 d:- ref:0 ;
in:639 out:636 type:P dur:2 cpbdur:2 q:26.80 aq:22.42 tex:391442 mv:52949 misc:1961 imb:4738 pmb:3097 smb:325 d:s ref:0 ;
in:637 out:637 type:B dur:2 cpbdur:2 q:26.81 aq:22.41 tex:254706 mv:67317 misc:3321 imb:2625 pmb:4593 smb:942 d:t ref:0 ;
in:636 out:638 type:b dur:2 cpbdur:2 q:26.81 aq:22.84 tex:277632 mv:61855 misc:3169 imb:2366 pmb:4813 smb:981 d:s ref:0 ;
in:638 out:639 type:b dur:2 cpbdur:2 q:26.80 aq:22.84 tex:223887 mv:61817 misc:3848 imb:2132 pmb:4894 smb:1134 d:- ref:0 ;
in:643 out:640 type:P dur:2 cpbdur:2 q:26.77 aq:22.58 tex:409078 mv:50847 misc:1955 imb:4933 pmb:2836 smb:391 d:s ref:0 ;
in:641 out:641 type:B dur:2 cpbdur:2 q:26.78 aq:22.60 tex:285130 mv:67005 misc:2953 imb:2626 pmb:4639 smb:895 d:s ref:0 ;
in:640 out:642 type:b dur:2 cpbdur:2 q:26.79 aq:22.75 tex:246043 mv:62979 misc:3658 imb:2588 pmb:4428 smb:1144 d:s ref:0 ;
in:642 out:643 type:b dur:2 cpbdur:2 q:26.78 aq:22.82 tex:296094 mv:65018 misc:2896 imb:2755 pmb:4435 smb:970 d:- ref:0 ;
in:647 out:644 type:P dur:2 cpbdur:2 q:26.75 aq:22.49 tex:404343 mv:50359 misc:1930 imb:5149 pmb:2616 smb:395 d:s ref:0 ;
in:645 out:645 type:B dur:2 cpbdur:2 q:26.76 aq:22.77 tex:306339 mv:67273 misc:2708 imb:2552 pmb:4745 smb:863 d:t ref:0 ;
in:644 out:646 type:b dur:2 cpbdur:2 q:26.76 aq:22.79 tex:273959 mv:65641 misc:3176 imb:2855 pmb:4274 smb:1031 d:s ref:0 ;
in:646 out:647 type:b dur:2 cpbdur:2 q:26.76 aq:22.91 tex:281674 mv:65327 misc:2943 imb:2455 pmb:4759 smb:946 d:- ref:0 ;
in:651 out:648 type:P dur:2 cpbdur:2 q:26.73 aq:22.45 tex:398898 mv:51305 misc:2037 imb:5154 pmb:2591 smb:415 d:s ref:0 ;
in:649 out:649 type:B dur:2 cpbdur:2 q:26.74 aq:22.65 tex:309569 mv:67554 misc:2717 imb:2633 pmb:4650 smb:877 d:t ref:0 ;
in:648 out:650 type:b dur:2 cpbdur:2 q:26.75 aq:22.81 tex:308200 mv:66811 misc:2613 imb:2921 pmb:4335 smb:904 d:s ref:0 ;
in:650 out:651 type:b dur:2 cpbdur:2 q:26.74 aq:22.91 tex:261363 mv:63967 misc:3206 imb:2483 pmb:4651 smb:1026 d:- ref:0 ;
in:655 out:652 type:P dur:2 cpbdur:2 q:26.71 aq:22.63 tex:402313 mv:50327 misc:2072 imb:5156 pmb:2568 smb:436 d:s ref:0 ;
in:653 out:653 type:B dur:2 cpbdur:2 q:26.72 aq:22.58 tex:312305 mv:68342 misc:2641 imb:2675 pmb:4618 smb:867 d:t ref:0 ;
in:652 out:654 type:b dur:2 cpbdur:2 q:26.73 aq:22.88 tex:286980 mv:64362 misc:2986 imb:2527 pmb:4650 smb:983 d:s ref:0 ;
in:654 out:655 type:b dur:2 cpbdur:2 q:26.71 aq:22.76 tex:306795 mv:67129 misc:2604 imb:2711 pmb:4537 smb:912 d:- ref:0 ;
in:659 out:656 type:P dur:2 cpbdur:2 q:26.70 aq:22.56 tex:420474 mv:51725 misc:1737 imb:5214 pmb:2692 smb:254 d:s ref:0 ;
in:657 out:657 type:B dur:2 cpbdur:2 q:26.70 aq:22.58 tex:319570 mv:69607 misc:2639 imb:2641 pmb:4666 smb:853 d:s ref:0 ;
in:656 out:658 type:b dur:2 cpbdur:2 q:26.70 aq:22.85 tex:275117 mv:64526 misc:3013 imb:2572 pmb:4591 smb:997 d:s ref:0 ;
in:658 out:659 type:b dur:2 cpbdur:2 q:26.70 aq:22.97 tex:313037 mv:65526 misc:2637 imb:2283 pmb:5003 smb:874 d:- ref:0 ;
in:663 out:660 type:P dur:2 cpbdur:2 q:26.70 aq:22.53 tex:423700 mv:51022 misc:1878 imb:5196 pmb:2581 smb:383 d:s ref:0 ;
in:661 out:661 type:B dur:2 cpbdur:2 q:26.70 aq:22.59 tex:316682 mv:70230 misc:2536 imb:2785 pmb:4539 smb:836 d:t ref:0 ;
in:660 out:662 type:b dur:2 cpbdur:2 q:26.70 aq:22.85 tex:310793 mv:66868 misc:2683 imb:2731 pmb:4543 smb:886 d:s ref:0 ;
in:662 out:663 type:b dur:2 cpbdur:2 q:26.70 aq:22.98 tex:289146 mv:64271 misc:2695 imb:2406 pmb:4855 smb:899 d:- ref:0 ;
in:667 out:664 type:P dur:2 cpbdur:2 q:26.70 aq:22.55 tex:411847 mv:50826 misc:2007 imb:5268 pmb:2378 smb:514 d:s ref:0 ;
in:665 out:665 type:B dur:2 cpbdur:2 q:26.70 aq:22.54 tex:322139 mv:70437 misc:2552 imb:2822 pmb:4489 smb:849 d:t ref:0 ;
in:664 out:666 type:b dur:2 cpbdur:2 q:26.70 aq:22.99 tex:312640 mv:66357 misc:2675 imb:2514 pmb:4760 smb:886 d:s ref:0 ;
in:666 out:667 type:b dur:2 cpbdur:2 q:26.70 aq:22.85 tex:309852 mv:67665 misc:2547 imb:2644 pmb:4627 smb:889 d:- ref:0 ;
in:671 out:668 type:P dur:2 cpbdur:2 q:26.71 aq:22.57 tex:411557 mv:50441 misc:1850 imb:5216 pmb:2351 smb:593 d:s ref:0 ;
in:669 out:669 type:B dur:2 cpbdur:2 q:26.70 aq:22.56 tex:325312 mv:70039 misc:2649 imb:2864 pmb:4424 smb:872 d:s ref:0 ;
in:668 out:670 type:b dur:2 cpbdur:2 q:26.70 aq:22.93 tex:299518 mv:64854 misc:2692 imb:2513 pmb:4746 smb:901 d:s ref:0 ;
in:670 out:671 type:b dur:2 cpbdur:2 q:26.70 aq:22.92 tex:314501 mv:67164 misc:2495 imb:2316 pmb:4971 smb:873 d:- ref:0 ;
in:675 out:672 type:P dur:2 cpbdur:2 q:26.72 aq:22.70 tex:412790 mv:50469 misc:1821 imb:5166 pmb:2366 smb:628 d:s ref:0 ;
in:673 out:673 type:B dur:2 cpbdur:2 q:26.71 aq:22.57 tex:329571 mv:71188 misc:2529 imb:2890 pmb:4430 smb:840 d:s ref:0 ;
in:672 out:674 type:b dur:2 cpbdur:2 q:26.71 aq:22.83 tex:314384 mv:65939 misc:2549 imb:2741 pmb:4539 smb:880 d:s ref:0 ;
in:674 out:675 type:b dur:2 cpbdur:2 q:26.72 aq:23.00 tex:299732 mv:66665 misc:2659 imb:2401 pmb:4869 smb:890 d:- ref:0 ;
in:679 out:676 type:P dur:2 cpbdur:2 q:26.73 aq:23.02 tex:486785 mv:53912 misc:1071 imb:5735 pmb:2346 smb:79 d:s ref:0 ;
in:677 out:677 type:B dur:2 cpbdur:2 q:26.72 aq:23.07 tex:378812 mv:75078 misc:1854 imb:2963 pmb:4916 smb:281 d:s ref:0 ;
in:676 out:678 type:b dur:2 cpbdur:2 q:26.72 aq:23.44 tex:342211 mv:70696 misc:2309 imb:2668 pmb:5048 smb:444 d:s ref:0 ;
in:678 out:679 type:b dur:2 cpbdur:2 q:26.72 aq:23.38 tex:341720 mv:73950 misc:2146 imb:2918 pmb:4894 smb:348 d:- ref:0 ;
in:680 out:680 type:P dur:2 cpbdur:2 q:26.74 aq:23.18 tex:451736 mv:54574 misc:1026 imb:5522 pmb:2561 smb:77 d:s ref:0 ;
in:681 out:681 type:P dur:2 cpbdur:2 q:26.75 aq:23.02 tex:428921 mv:56662 misc:1225 imb:5448 pmb:2600 smb:112 d:s ref:0 ;
in:682 out:682 type:P dur:2 cpbdur:2 q:26.76 aq:23.22 tex:446728 mv:56643 misc:957 imb:5519 pmb:2584 smb:57 d:s ref:0 ;
in:683 out:683 type:P dur:2 cpbdur:2 q:26.77 aq:23.24 tex:495748 mv:56978 misc:730 imb:5901 pmb:2237 smb:22 d:s ref:0 ;
in:684 out:684 type:P dur:2 cpbdur:2 q:26.78 aq:22.88 tex:481040 mv:57952 misc:864 imb:5798 pmb:2330 smb:32 d:s ref:0 ;
in:685 out:685 type:P dur:2 cpbdur:2 q:26.79 aq:22.83 tex:452001 mv:58665 misc:814 imb:5763 pmb:2365 smb:32 d:s ref:0 ;
in:686 out:686 type:P dur:2 cpbdur:2 q:26.80 aq:22.71 tex:445245 mv:58603 misc:808 imb:5691 pmb:2434 smb:35 d:s ref:0 ;
in:687 out:687 type:P dur:2 cpbdur:2 q:26.81 aq:22.93 tex:458590 mv:57809 misc:793 imb:5533 pmb:2602 smb:25 d:s ref:0 ;
in:688 out:688 type:P dur:2 cpbdur:2 q:26.82 aq:22.65 tex:420689 mv:59145 misc:910 imb:5690 pmb:2418 smb:52 d:s ref:0 ;
in:689 out:689 type:P dur:2 cpbdur:2 q:26.83 aq:22.71 tex:412196 mv:59072 misc:1020 imb:5318 pmb:2770 smb:72 d:s ref:0 ;
in:690 out:690 type:P dur:2 cpbdur:2 q:26.83 aq:22.67 tex:403439 mv:59943 misc:898 imb:5246 pmb:2864 smb:50 d:s ref:0 ;
in:691 out:691 type:P dur:2 cpbdur:2 q:26.84 aq:22.88 tex:439670 mv:58213 misc:965 imb:5539 pmb:2561 smb:60 d:s ref:0 ;
in:692 out:692 type:P dur:2 cpbdur:2 q:26.86 aq:23.01 tex:580461 mv:53585 misc:762 imb:5652 pmb:2491 smb:17 d:s ref:0 ;
in:693 out:693 type:P dur:2 cpbdur:2 q:26.88 aq:22.61 tex:438222 mv:59376 misc:1234 imb:5395 pmb:2643 smb:122 d:s ref:0 ;
in:694 out:694 type:I dur:2 cpbdur:2 q:23.87 aq:19.44 tex:893020 mv:210940 misc:496 imb:8160 pmb:0 smb:0 d:s ref:;
in:698 out:695 type:P dur:2 cpbdur:2 q:26.95 aq:22.83 tex:736091 mv:56061 misc:960 imb:5516 pmb:2583 smb:61 d:s ref:0 ;
in:696 out:696 type:B dur:2 cpbdur:2 q:26.95 aq:23.05 tex:360677 mv:87034 misc:1857 imb:2962 pmb:4924 smb:274 d:s ref:0 ;
in:695 out:697 type:b dur:2 cpbdur:2 q:26.95 aq:23.18 tex:266443 mv:81478 misc:3279 imb:2614 pmb:4943 smb:603 d:s ref:0 ;
in:697 out:698 type:b dur:2 cpbdur:2 q:26.95 aq:23.20 tex:257921 mv:78919 misc:3192 imb:2740 pmb:4714 smb:706 d:- ref:0 ;
in:702 out:699 type:P dur:2 cpbdur:2 q:27.02 aq:22.62 tex:670081 mv:62709 misc:1050 imb:4963 pmb:3115 smb:82 d:s ref:0 ;
in:700 out:700 type:B dur:2 cpbdur:2 q:26.98 aq:23.14 tex:338847 mv:80563 misc:2662 imb:2429 pmb:5222 smb:509 d:s ref:0 ;
in:699 out:701 type:b dur:2 cpbdur:2 q:26.96 aq:23.29 tex:241284 mv:74765 misc:3719 imb:2650 pmb:4639 smb:871 d:s ref:0 ;
in:701 out:702 type:b dur:2 cpbdur:2 q:27.00 aq:23.47 tex:244625 mv:75919 misc:3864 imb:2220 pmb:5050 smb:890 d:- ref:0 ;
in:706 out:703 type:P dur:2 cpbdur:2 q:27.08 aq:22.83 tex:668121 mv:57840 misc:1335 imb:4832 pmb:3195 smb:133 d:s ref:0 ;
in:704 out:704 type:B dur:2 cpbdur:2 q:27.05 aq:23.73 tex:346986 mv:72850 misc:2548 imb:2189 pmb:5442 smb:529 d:s ref:0 ;
in:703 out:705 type:b dur:2 cpbdur:2 q:27.03 aq:23.50 tex:241998 mv:73099 misc:3927 imb:2411 pmb:4753 smb:996 d:s ref:0 ;
in:705 out:706 type:b dur:2 cpbdur:2 q:27.06 aq:23.60 tex:265495 mv:68749 misc:3492 imb:2254 pmb:4980 smb:926 d:- ref:0 ;
in:710 out:707 type:P dur:2 cpbdur:2 q:27.13 aq:23.08 tex:597613 mv:52564 misc:1487 imb:4865 pmb:3113 smb:182 d:s ref:0 ;
in:708 out:708 type:B dur:2 cpbdur:2 q:27.10 aq:23.62 tex:316595 mv:70858 misc:2899 imb:2191 pmb:5317 smb:652 d:s ref:0 ;
in:707 out:709 type:b dur:2 cpbdur:2 q:27.09 aq:23.49 tex:249585 mv:65705 misc:3934 imb:2251 pmb:4694 smb:1215 d:s ref:0 ;
in:709 out:710 type:b dur:2 cpbdur:2 q:27.12 aq:23.68 tex:244316 mv:64908 misc:4128 imb:2287 pmb:4606 smb:1267 d:- ref:0 ;
in:714 out:711 type:P dur:2 cpbdur:2 q:27.18 aq:23.05 tex:574352 mv:54640 misc:1424 imb:4729 pmb:3260 smb:171 d:s ref:0 ;
in:712 out:712 type:B dur:2 cpbdur:2 q:27.16 aq:23.74 tex:302595 mv:68723 misc:3434 imb:2291 pmb:5057 smb:812 d:s ref:0 ;
in:711 out:713 type:b dur:2 cpbdur:2 q:27.14 aq:23.71 tex:241621 mv:64519 misc:4196 imb:2272 pmb:4534 smb:1354 d:s ref:0 ;
in:713 out:714 type:b dur:2 cpbdur:2 q:27.17 aq:23.68 tex:227617 mv:61717 misc:4322 imb:2049 pmb:4673 smb:1438 d:- ref:0 ;
in:718 out:715 type:P dur:2 cpbdur:2 q:27.18 aq:22.99 tex:506617 mv:50879 misc:1664 imb:4623 pmb:3318 smb:219 d:s ref:0 ;
in:716 out:716 type:B dur:2 cpbdur:2 q:27.18 aq:23.81 tex:303066 mv:64225 misc:3557 imb:2248 pmb:4972 smb:940 d:s ref:0 ;
in:715 out:717 type:b dur:2 cpbdur:2 q:27.18 aq:23.63 tex:225203 mv:60040 misc:4269 imb:2273 pmb:4307 smb:1580 d:s ref:0 ;
in:717 out:718 type:b dur:2 cpbdur:2 q:27.18 aq:23.67 tex:231757 mv:59215 misc:4404 imb:2076 pmb:4548 smb:1536 d:- ref:0 ;
in:722 out:719 type:P dur:2 cpbdur:2 q:27.17 aq:23.13 tex:537076 mv:49357 misc:1487 imb:4526 pmb:3466 smb:168 d:s ref:0 ;
in:720 out:720 type:B dur:2 cpbdur:2 q:27.18 aq:23.61 tex:274636 mv:63977 misc:3603 imb:2027 pmb:5021 smb:1112 d:t ref:0 ;
in:719 out:721 type:b dur:2 cpbdur:2 q:27.18 aq:23.68 tex:234933 mv:60472 misc:4235 imb:2151 pmb:4519 smb:1490 d:s ref:0 ;
in:721 out:722 type:b dur:2 cpbdur:2 q:27.17 aq:23.67 tex:265512 mv:62772 misc:3684 imb:2319 pmb:4519 smb:1322 d:- ref:0 ;
in:726 out:723 type:P dur:2 cpbdur:2 q:27.15 aq:23.07 tex:500557 mv:52191 misc:1796 imb:4457 pmb:3468 smb:235 d:s ref:0 ;
in:724 out:724 type:B dur:2 cpbdur:2 q:27.16 aq:23.53 tex:274840 mv:62584 misc:3752 imb:2054 pmb:4910 smb:1196 d:s ref:0 ;
in:723 out:725 type:b dur:2 cpbdur:2 q:27.17 aq:23.76 tex:243875 mv:60697 misc:4020 imb:2239 pmb:4458 smb:1463 d:s ref:0 ;
in:725 out:726 type:b dur:2 cpbdur:2 q:27.16 aq:23.68 tex:245799 mv:59920 misc:4113 imb:2137 pmb:4538 smb:1485 d:- ref:0 ;
in:730 out:727 type:P dur:2 cpbdur:2 q:27.13 aq:23.06 tex:446279 mv:50503 misc:2114 imb:4436 pmb:3400 smb:324 d:s ref:0 ;
in:728 out:728 type:B dur:2 cpbdur:2 q:27.14 aq:23.75 tex:300334 mv:62862 misc:3572 imb:2217 pmb:4836 smb:1107 d:t ref:0 ;
in:727 out:729 type:b dur:2 cpbdur:2 q:27.15 aq:23.63 tex:251120 mv:61034 misc:4054 imb:2314 pmb:4340 smb:1506 d:s ref:0 ;
in:729 out:730 type:b dur:2 cpbdur:2 q:27.14 aq:23.59 tex:245967 mv:60668 misc:4061 imb:2198 pmb:4430 smb:1532 d:- ref:0 ;
in:734 out:731 type:P dur:2 cpbdur:2 q:27.11 aq:23.13 tex:494639 mv:50194 misc:2143 imb:4498 pmb:3315 smb:347 d:s ref:0 ;
in:732 out:732 type:B dur:2 cpbdur:2 q:27.12 aq:23.65 tex:289464 mv:64184 misc:3520 imb:2075 pmb:4973 smb:1112 d:t ref:0 ;
in:731 out:733 type:b dur:2 cpbdur:2 q:27.13 aq:23.54 tex:245093 mv:59234 misc:3993 imb:2147 pmb:4461 smb:1552 d:s ref:0 ;
in:733 out:734 type:b dur:2 cpbdur:2 q:27.12 aq:23.52 tex:247545 mv:61192 misc:3975 imb:2217 pmb:4395 smb:1548 d:- ref:0 ;
in:738 out:735 type:P dur:2 cpbdur:2 q:27.11 aq:23.11 tex:467976 mv:50197 misc:2179 imb:4461 pmb:3304 smb:395 d:s ref:0 ;
in:736 out:736 type:B dur:2 cpbdur:2 q:27.11 aq:23.42 tex:270648 mv:61486 misc:3770 imb:2029 pmb:4812 smb:1319 d:t ref:0 ;
in:735 out:737 type:b dur:2 cpbdur:2 q:27.11 aq:23.54 tex:247473 mv:60223 misc:3904 imb:2333 pmb:4268 smb:1559 d:s ref:0 ;
in:737 out:738 type:b dur:2 cpbdur:2 q:27.11 aq:23.55 tex:246531 mv:60552 misc:4069 imb:2248 pmb:4332 smb:1580 d:- ref:0 ;
in:742 out:739 type:P dur:2 cpbdur:2 q:27.10 aq:23.08 tex:465258 mv:50063 misc:2151 imb:4424 pmb:3372 smb:364 d:s ref:0 ;
in:740 out:740 type:B dur:2 cpbdur:2 q:27.10 aq:23.54 tex:294108 mv:62535 misc:3669 imb:2173 pmb:4818 smb:1169 d:t ref:0 ;
in:739 out:741 type:b dur:2 cpbdur:2 q:27.10 aq:23.46 tex:259782 mv:60092 misc:3862 imb:2369 pmb:4255 smb:1536 d:s ref:0 ;
in:741 out:742 type:b dur:2 cpbdur:2 q:27.10 aq:23.51 tex:250054 mv:60775 misc:3827 imb:2219 pmb:4397 smb:1544 d:- ref:0 ;
in:746 out:743 type:P dur:2 cpbdur:2 q:27.10 aq:23.12 tex:481933 mv:49033 misc:2122 imb:4572 pmb:3197 smb:391 d:s ref:0 ;
in:744 out:744 type:B dur:2 cpbdur:2 q:27.10 aq:23.67 tex:293416 mv:64047 misc:3577 imb:2008 pmb:5048 smb:1104 d:s ref:0 ;
in:743 out:745 type:b dur:2 cpbdur:2 q:27.10 aq:23.52 tex:249349 mv:59973 misc:4094 imb:2280 pmb:4293 smb:1587 d:s ref:0 ;
in:745 out:746 type:b dur:2 cpbdur:2 q:27.10 aq:23.57 tex:249207 mv:59483 misc:3958 imb:2268 pmb:4320 smb:1572 d:- ref:0 ;
in:750 out:747 type:P dur:2 cpbdur:2 q:27.10 aq:23.09 tex:503112 mv:50591 misc:1985 imb:4436 pmb:3382 smb:342 d:s ref:0 ;
in:748 out:748 type:B dur:2 cpbdur:2 q:27.10 aq:23.72 tex:287099 mv:63169 misc:3620 imb:2021 pmb:5003 smb:1136 d:t ref:0 ;
in:747 out:749 type:b dur:2 cpbdur:2 q:27.10 aq:23.66 tex:252560 mv:61625 misc:3863 imb:2306 pmb:4337 smb:1517 d:s ref:0 ;
in:749 out:750 type:b dur:2 cpbdur:2 q:27.10 aq:23.71 tex:261472 mv:61857 misc:3919 imb:2290 pmb:4449 smb:1421 d:- ref:0 ;
in:754 out:751 type:P dur:2 cpbdur:2 q:27.10 aq:23.08 tex:478545 mv:48950 misc:2129 imb:4447 pmb:3329 smb:384 d:s ref:0 ;
in:752 out:752 type:B dur:2 cpbdur:2 q:27.10 aq:23.55 tex:284091 mv:62543 misc:3582 imb:2188 pmb:4655 smb:1317 d:t ref:0 ;
in:751 out:753 type:b dur:2 cpbdur:2 q:27.10 aq:23.70 tex:253372 mv:61060 misc:3832 imb:2292 pmb:4390 smb:1478 d:s ref:0 ;
in:753 out:754 type:b dur:2 cpbdur:2 q:27.10 aq:23.72 tex:253113 mv:61122 misc:3885 imb:2343 pmb:4299 smb:1518 d:- ref:0 ;
in:758 out:755 type:P dur:2 cpbdur:2 q:27.10 aq:23.19 tex:482261 mv:49164 misc:2287 imb:4575 pmb:3123 smb:462 d:s ref:0 ;
in:756 out:756 type:B dur:2 cpbdur:2 q:27.10 aq:23.66 tex:281385 mv:63281 misc:3766 imb:2065 pmb:4861 smb:1234 d:t ref:0 ;
in:755 out:757 type:b dur:2 cpbdur:2 q:27.10 aq:23.69 tex:248084 mv:60925 misc:4007 imb:2252 pmb:4387 smb:1521 d:s ref:0 ;
in:757 out:758 type:b dur:2 cpbdur:2 q:27.10 aq:23.64 tex:252638 mv:60937 misc:3977 imb:2264 pmb:4378 smb:1518 d:- ref:0 ;
in:762 out:759 type:P dur:2 cpbdur:2 q:27.10 aq:23.17 tex:422301 mv:49310 misc:2525 imb:4426 pmb:3136 smb:598 d:s ref:0 ;
in:760 out:760 type:B dur:2 cpbdur:2 q:27.10 aq:23.68 tex:295761 mv:62697 misc:3566 imb:2043 pmb:4961 smb:1156 d:s ref:0 ;
in:759 out:761 type:b dur:2 cpbdur:2 q:27.10 aq:23.63 tex:245838 mv:60056 misc:4098 imb:2243 pmb:4307 smb:1610 d:s ref:0 ;
in:761 out:762 type:b dur:2 cpbdur:2 q:27.10 aq:23.53 tex:245206 mv:59145 misc:3969 imb:2156 pmb:4376 smb:1628 d:- ref:0 ;
in:766 out:763 type:P dur:2 cpbdur:2 q:27.09 aq:23.24 tex:472550 mv:49438 misc:2108 imb:4411 pmb:3309 smb:440 d:s ref:0 ;
in:764 out:764 type:B dur:2 cpbdur:2 q:27.10 aq:23.72 tex:295237 mv:63463 misc:3572 imb:2124 pmb:4894 smb:1142 d:s ref:0 ;
in:763 out:765 type:b dur:2 cpbdur:2 q:27.10 aq:23.46 tex:253847 mv:60789 misc:3900 imb:2310 pmb:4272 smb:1578 d:s ref:0 ;
in:765 out:766 type:b dur:2 cpbdur:2 q:27.10 aq:23.66 tex:251227 mv:60424 misc:4005 imb:2314 pmb:4313 smb:1533 d:- ref:0 ;
in:770 out:767 type:P dur:2 cpbdur:2 q:27.08 aq:23.27 tex:519970 mv:50201 misc:1933 imb:4576 pmb:3141 smb:443 d:s ref:0 ;
in:768 out:768 type:B dur:2 cpbdur:2 q:27.09 aq:23.53 tex:280217 mv:64583 misc:3712 imb:2077 pmb:4935 smb:1148 d:s ref:0 ;
in:767 out:769 type:b dur:2 cpbdur:2 q:27.09 aq:23.57 tex:251932 mv:60827 misc:3969 imb:2279 pmb:4336 smb:1545 d:s ref:0 ;
in:769 out:770 type:b dur:2 cpbdur:2 q:27.09 aq:23.62 tex:254024 mv:62833 misc:3863 imb:2329 pmb:4305 smb:1526 d:- ref:0 ;
in:774 out:771 type:P dur:2 cpbdur:2 q:27.08 aq:23.25 tex:554103 mv:55443 misc:1374 imb:4718 pmb:3296 smb:146 d:s ref:0 ;
in:772 out:772 type:B dur:2 cpbdur:2 q:27.08 aq:23.82 tex:349455 mv:71911 misc:2762 imb:2244 pmb:5225 smb:691 d:s ref:0 ;
in:771 out:773 type:b dur:2 cpbdur:2 q:27.08 aq:23.66 tex:261567 mv:64845 misc:3612 imb:2372 pmb:4549 smb:1239 d:s ref:0 ;
in:773 out:774 type:b dur:2 cpbdur:2 q:27.08 aq:23.76 tex:283196 mv:70533 misc:3055 imb:2394 pmb:4734 smb:1032 d:- ref:0 ;
in:778 out:775 type:P dur:2 cpbdur:2 q:27.07 aq:23.35 tex:677488 mv:55926 misc:1610 imb:4733 pmb:3201 smb:226 d:s ref:0 ;
in:776 out:776 type:B dur:2 cpbdur:2 q:27.08 aq:24.12 tex:404995 mv:76517 misc:2616 imb:2342 pmb:5221 smb:597 d:t ref:0 ;
in:775 out:777 type:b dur:2 cpbdur:2 q:27.08 aq:23.79 tex:302606 mv:70587 misc:3247 imb:2454 pmb:4644 smb:1062 d:s ref:0 ;
in:777 out:778 type:b dur:2 cpbdur:2 q:27.08 aq:24.01 tex:271929 mv:70894 misc:3641 imb:2249 pmb:4736 smb:1175 d:- ref:0 ;
in:782 out:779 type:P dur:2 cpbdur:2 q:27.09 aq:23.39 tex:755604 mv:54386 misc:1258 imb:4977 pmb:3049 smb:134 d:s ref:0 ;
in:780 out:780 type:B dur:2 cpbdur:2 q:27.08 aq:24.23 tex:409469 mv:72060 misc:2559 imb:2272 pmb:5330 smb:558 d:s ref:0 ;
in:779 out:781 type:b dur:2 cpbdur:2 q:27.08 aq:24.15 tex:291611 mv:70290 misc:3387 imb:2443 pmb:4665 smb:1052 d:s ref:0 ;
in:781 out:782 type:b dur:2 cpbdur:2 q:27.09 aq:24.10 tex:334223 mv:69233 misc:3416 imb:2624 pmb:4458 smb:1078 d:- ref:0 ;
in:786 out:783 type:P dur:2 cpbdur:2 q:27.11 aq:23.27 tex:699553 mv:53136 misc:1527 imb:4859 pmb:3130 smb:171 d:s ref:0 ;
in:784 out:784 type:B dur:2 cpbdur:2 q:27.10 aq:24.09 tex:382014 mv:69399 misc:2947 imb:2434 pmb:4900 smb:826 d:s ref:0 ;
in:783 out:785 type:b dur:2 cpbdur:2 q:27.10 aq:24.02 tex:304911 mv:68045 misc:3508 imb:2567 pmb:4416 smb:1177 d:s ref:0 ;
in:785 out:786 type:b dur:2 cpbdur:2 q:27.11 aq:24.14 tex:274442 mv:68974 misc:3936 imb:2280 pmb:4636 smb:1244 d:- ref:0 ;
in:790 out:787 type:P dur:2 cpbdur:2 q:27.13 aq:23.19 tex:695935 mv:54567 misc:1330 imb:4713 pmb:3301 smb:146 d:s ref:0 ;
in:788 out:788 type:B dur:2 cpbdur:2 q:27.12 aq:24.32 tex:346069 mv:73437 misc:3134 imb:2252 pmb:5110 smb:798 d:s ref:0 ;
in:787 out:789 type:b dur:2 cpbdur:2 q:27.12 aq:24.13 tex:270166 mv:68926 misc:3940 imb:2280 pmb:4588 smb:1292 d:s ref:0 ;
in:789 out:790 type:b dur:2 cpbdur:2 q:27.13 aq:24.19 tex:254326 mv:67873 misc:4001 imb:2202 pmb:4594 smb:1364 d:- ref:0 ;
in:794 out:791 type:P dur:2 cpbdur:2 q:27.17 aq:23.16 tex:666487 mv:52454 misc:1387 imb:4573 pmb:3424 smb:163 d:s ref:0 ;
in:792 out:792 type:B dur:2 cpbdur:2 q:27.15 aq:24.29 tex:334116 mv:68314 misc:3194 imb:2140 pmb:5167 smb:853 d:s ref:0 ;
in:791 out:793 type:b dur:2 cpbdur:2 q:27.14 aq:24.05 tex:246626 mv:62068 misc:4378 imb:2187 pmb:4417 smb:1556 d:s ref:0 ;
in:793 out:794 type:b dur:2 cpbdur:2 q:27.16 aq:23.92 tex:239496 mv:60920 misc:4328 imb:2133 pmb:4312 smb:1715 d:- ref:0 ;
in:798 out:795 type:P dur:2 cpbdur:2 q:27.21 aq:23.30 tex:570932 mv:49407 misc:1933 imb:4276 pmb:3549 smb:335 d:s ref:0 ;
in:796 out:796 type:B dur:2 cpbdur:2 q:27.19 aq:24.03 tex:290101 mv:62453 misc:3854 imb:1979 pmb:4913 smb:1268 d:s ref:0 ;
in:795 out:797 type:b dur:2 cpbdur:2 q:27.18 aq:23.75 tex:240947 mv:57243 misc:4346 imb:2149 pmb:4146 smb:1865 d:s ref:0 ;
in:797 out:798 type:b dur:2 cpbdur:2 q:27.20 aq:23.85 tex:228263 mv:56647 misc:4426 imb:2109 pmb:4119 smb:1932 d:- ref:0 ;
in:802 out:799 type:P dur:2 cpbdur:2 q:27.24 aq:23.26 tex:516010 mv:47923 misc:2179 imb:4240 pmb:3524 smb:396 d:s ref:0 ;
in:800 out:800 type:B dur:2 cpbdur:2 q:27.22 aq:23.87 tex:265924 mv:59687 misc:4149 imb:1995 pmb:4690 smb:1475 d:s ref:0 ;
in:799 out:801 type:b dur:2 cpbdur:2 q:27.22 aq:23.66 tex:233508 mv:56159 misc:4213 imb:2116 pmb:4064 smb:1980 d:s ref:0 ;
in:801 out:802 type:b dur:2 cpbdur:2 q:27.23 aq:23.85 tex:213572 mv:55831 misc:4573 imb:2053 pmb:4035 smb:2072 d:- ref:0 ;
in:806 out:803 type:P dur:2 cpbdur:2 q:27.26 aq:23.32 tex:513626 mv:48021 misc:2353 imb:4228 pmb:3461 smb:471 d:s ref:0 ;
in:804 out:804 type:B dur:2 cpbdur:2 q:27.25 aq:23.98 tex:260963 mv:58861 misc:4128 imb:1903 pmb:4776 smb:1481 d:s ref:0 ;
in:803 out:805 type:b dur:2 cpbdur:2 q:27.24 aq:23.82 tex:221119 mv:55255 misc:4322 imb:2123 pmb:3994 smb:2043 d:s ref:0 ;
in:805 out:806 type:b dur:2 cpbdur:2 q:27.25 aq:23.71 tex:227892 mv:55686 misc:4254 imb:2169 pmb:3970 smb:2021 d:- ref:0 ;
in:810 out:807 type:P dur:2 cpbdur:2 q:27.26 aq:23.34 tex:469399 mv:46589 misc:2316 imb:4180 pmb:3500 smb:480 d:s ref:0 ;
in:808 out:808 type:B dur:2 cpbdur:2 q:27.26 aq:23.94 tex:284976 mv:58890 misc:3982 imb:1904 pmb:4842 smb:1414 d:s ref:0 ;
in:807 out:809 type:b dur:2 cpbdur:2 q:27.26 aq:23.68 tex:229278 mv:54995 misc:4215 imb:2159 pmb:3939 smb:2062 d:s ref:0 ;
in:809 out:810 type:b dur:2 cpbdur:2 q:27.26 aq:23.87 tex:234046 mv:56720 misc:4226 imb:2177 pmb:4033 smb:1950 d:- ref:0 ;
in:814 out:811 type:P dur:2 cpbdur:2 q:27.25 aq:23.30 tex:534627 mv:49703 misc:2102 imb:4228 pmb:3588 smb:344 d:s ref:0 ;
in:812 out:812 type:B dur:2 cpbdur:2 q:27.25 aq:24.03 tex:273569 mv:59806 misc:4185 imb:2060 pmb:4685 smb:1415 d:s ref:0 ;
in:811 out:813 type:b dur:2 cpbdur:2 q:27.26 aq:23.82 tex:232717 mv:56232 misc:4315 imb:2166 pmb:3988 smb:2006 d:s ref:0 ;
in:813 out:814 type:b dur:2 cpbdur:2 q:27.25 aq:23.93 tex:236250 mv:58110 misc:4400 imb:2085 pmb:4289 smb:1786 d:- ref:0 ;
in:818 out:815 type:P dur:2 cpbdur:2 q:27.23 aq:23.42 tex:532231 mv:51370 misc:1975 imb:4308 pmb:3532 smb:320 d:s ref:0 ;
in:816 out:816 type:B dur:2 cpbdur:2 q:27.24 aq:24.10 tex:285589 mv:63880 misc:3843 imb:1962 pmb:4826 smb:1372 d:t ref:0 ;
in:815 out:817 type:b dur:2 cpbdur:2 q:27.24 aq:24.08 tex:251808 mv:61079 misc:4209 imb:2191 pmb:4297 smb:1672 d:s ref:0 ;
in:817 out:818 type:b dur:2 cpbdur:2 q:27.23 aq:24.13 tex:240067 mv:61408 misc:4381 imb:2148 pmb:4310 smb:1702 d:- ref:0 ;
in:822 out:819 type:P dur:2 cpbdur:2 q:27.21 aq:23.53 tex:534839 mv:51349 misc:1972 imb:4348 pmb:3500 smb:312 d:s ref:0 ;
in:820 out:820 type:B dur:2 cpbdur:2 q:27.22 aq:24.02 tex:310015 mv:63875 misc:3694 imb:2018 pmb:4933 smb:1209 d:s ref:0 ;
in:819 out:821 type:b dur:2 cpbdur:2 q:27.22 aq:24.19 tex:240517 mv:61439 misc:4324 imb:2146 pmb:4379 smb:1635 d:s ref:0 ;
in:821 out:822 type:b dur:2 cpbdur:2 q:27.21 aq:24.09 tex:243684 mv:61441 misc:4291 imb:2063 pmb:4402 smb:1695 d:- ref:0 ;
in:826 out:823 type:P dur:2 cpbdur:2 q:27.19 aq:23.33 tex:571403 mv:49840 misc:1829 imb:4575 pmb:3288 smb:297 d:s ref:0 ;
in:824 out:824 type:B dur:2 cpbdur:2 q:27.20 aq:24.27 tex:362302 mv:66735 misc:3579 imb:2365 pmb:4684 smb:1111 d:s ref:0 ;
in:823 out:825 type:b dur:2 cpbdur:2 q:27.20 aq:23.96 tex:271974 mv:61898 misc:4144 imb:2301 pmb:4242 smb:1617 d:s ref:0 ;
in:825 out:826 type:b dur:2 cpbdur:2 q:27.20 aq:23.93 tex:273612 mv:62969 misc:3915 imb:2328 pmb:4257 smb:1575 d:- ref:0 ;
in:830 out:827 type:P dur:2 cpbdur:2 q:27.20 aq:23.36 tex:616949 mv:51098 misc:1849 imb:4627 pmb:3228 smb:305 d:s ref:0 ;
in:828 out:828 type:B dur:2 cpbdur:2 q:27.19 aq:24.09 tex:312664 mv:65810 misc:3622 imb:2126 pmb:4832 smb:1202 d:s ref:0 ;
in:827 out:829 type:b dur:2 cpbdur:2 q:27.19 aq:23.94 tex:259869 mv:61668 misc:4039 imb:2199 pmb:4337 smb:1624 d:s ref:0 ;
in:829 out:830 type:b dur:2 cpbdur:2 q:27.19 aq:23.80 tex:250259 mv:62766 misc:3959 imb:2135 pmb:4337 smb:1688 d:- ref:0 ;
in:834 out:831 type:P dur:2 cpbdur:2 q:27.21 aq:23.38 tex:545688 mv:50395 misc:2029 imb:4463 pmb:3355 smb:342 d:s ref:0 ;
in:832 out:832 type:B dur:2 cpbdur:2 q:27.20 aq:23.88 tex:299457 mv:65557 misc:3802 imb:2049 pmb:4792 smb:1319 d:t ref:0 ;
in:831 out:833 type:b dur:2 cpbdur:2 q:27.20 aq:23.94 tex:236779 mv:61681 misc:4068 imb:2148 pmb:4287 smb:1725 d:s ref:0 ;
in:833 out:834 type:b dur:2 cpbdur:2 q:27.21 aq:23.82 tex:239580 mv:59159 misc:4229 imb:2094 pmb:4254 smb:1812 d:- ref:0 ;
in:838 out:835 type:P dur:2 cpbdur:2 q:27.23 aq:23.20 tex:517967 mv:49115 misc:2358 imb:4320 pmb:3381 smb:459 d:s ref:0 ;
in:836 out:836 type:B dur:2 cpbdur:2 q:27.22 aq:24.01 tex:283029 mv:61245 misc:3974 imb:2027 pmb:4721 smb:1412 d:s ref:0 ;
in:835 out:837 type:b dur:2 cpbdur:2 q:27.21 aq:23.71 tex:240936 mv:57597 misc:4219 imb:2145 pmb:4139 smb:1876 d:s ref:0 ;
in:837 out:838 type:b dur:2 cpbdur:2 q:27.22 aq:23.67 tex:223617 mv:55261 misc:4370 imb:2093 pmb:4160 smb:1907 d:- ref:0 ;
in:842 out:839 type:P dur:2 cpbdur:2 q:27.24 aq:23.29 tex:488540 mv:47702 misc:2254 imb:4270 pmb:3458 smb:432 d:s ref:0 ;
in:840 out:840 type:B dur:2 cpbdur:2 q:27.23 aq:24.24 tex:289443 mv:59154 misc:3915 imb:1857 pmb:5010 smb:1293 d:t ref:0 ;
in:839 out:841 type:b dur:2 cpbdur:2 q:27.23 aq:23.80 tex:233521 mv:56349 misc:4266 imb:2164 pmb:4100 smb:1896 d:s ref:0 ;
in:841 out:842 type:b dur:2 cpbdur:2 q:27.23 aq:23.72 tex:239958 mv:57747 misc:4055 imb:2141 pmb:4126 smb:1893 d:- ref:0 ;
in:846 out:843 type:P dur:2 cpbdur:2 q:27.25 aq:23.34 tex:506088 mv:47881 misc:2295 imb:4152 pmb:3528 smb:480 d:s ref:0 ;
in:844 out:844 type:B dur:2 cpbdur:2 q:27.24 aq:23.99 tex:277691 mv:59062 misc:4095 imb:1976 pmb:4690 smb:1494 d:s ref:0 ;
in:843 out:845 type:b dur:2 cpbdur:2 q:27.24 aq:23.98 tex:225759 mv:55828 misc:4509 imb:2159 pmb:4050 smb:1951 d:s ref:0 ;
in:845 out:846 type:b dur:2 cpbdur:2 q:27.24 aq:24.00 tex:230819 mv:56875 misc:4586 imb:2092 pmb:4164 smb:1904 d:- ref:0 ;
in:850 out:847 type:P dur:2 cpbdur:2 q:27.25 aq:23.29 tex:486819 mv:47837 misc:2408 imb:4217 pmb:3439 smb:504 d:s ref:0 ;
in:848 out:848 type:B dur:2 cpbdur:2 q:27.25 aq:23.93 tex:260529 mv:59447 misc:4072 imb:2013 pmb:4577 smb:1570 d:t ref:0 ;
in:847 out:849 type:b dur:2 cpbdur:2 q:27.25 aq:23.96 tex:237181 mv:56684 misc:4503 imb:2209 pmb:4076 smb:1875 d:s ref:0 ;
in:849 out:850 type:b dur:2 cpbdur:2 q:27.25 aq:23.97 tex:234612 mv:57622 misc:4382 imb:2058 pmb:4266 smb:1836 d:- ref:0 ;
in:854 out:851 type:P dur:2 cpbdur:2 q:27.24 aq:23.32 tex:491169 mv:47617 misc:2462 imb:4287 pmb:3292 smb:581 d:s ref:0 ;
in:852 out:852 type:B dur:2 cpbdur:2 q:27.24 aq:24.03 tex:280521 mv:59443 misc:4004 imb:1854 pmb:4881 smb:1425 d:s ref:0 ;
in:851 out:853 type:b dur:2 cpbdur:2 q:27.25 aq:24.01 tex:228547 mv:56668 misc:4545 imb:2179 pmb:4071 smb:1910 d:s ref:0 ;
in:853 out:854 type:b dur:2 cpbdur:2 q:27.24 aq:23.88 tex:234386 mv:56508 misc:4514 imb:2151 pmb:4107 smb:1902 d:- ref:0 ;
in:858 out:855 type:P dur:2 cpbdur:2 q:27.23 aq:23.41 tex:464171 mv:47283 misc:2434 imb:4129 pmb:3419 smb:612 d:s ref:0 ;
in:856 out:856 type:B dur:2 cpbdur:2 q:27.23 aq:23.97 tex:291440 mv:59860 misc:3908 imb:1955 pmb:4827 smb:1378 d:t ref:0 ;
in:855 out:857 type:b dur:2 cpbdur:2 q:27.24 aq:23.88 tex:222951 mv:55635 misc:4334 imb:2140 pmb:4069 smb:1951 d:s ref:0 ;
in:857 out:858 type:b dur:2 cpbdur:2 q:27.23 aq:23.97 tex:222901 mv:56349 misc:4566 imb:2065 pmb:4133 smb:1962 d:- ref:0 ;
in:862 out:859 type:P dur:2 cpbdur:2 q:27.21 aq:23.50 tex:504941 mv:48076 misc:2063 imb:4263 pmb:3499 smb:398 d:s ref:0 ;
in:860 out:860 type:B dur:2 cpbdur:2 q:27.22 aq:24.09 tex:269800 mv:59875 misc:4197 imb:1951 pmb:4893 smb:1316 d:s ref:0 ;
in:859 out:861 type:b dur:2 cpbdur:2 q:27.22 aq:23.72 tex:234074 mv:56608 misc:4334 imb:2150 pmb:4126 smb:1884 d:s ref:0 ;
in:861 out:862 type:b dur:2 cpbdur:2 q:27.22 aq:23.83 tex:228149 mv:57757 misc:4302 imb:2114 pmb:4190 smb:1856 d:- ref:0 ;
in:866 out:863 type:P dur:2 cpbdur:2 q:27.20 aq:23.44 tex:524916 mv:48061 misc:2255 imb:4583 pmb:3100 smb:477 d:s ref:0 ;
in:864 out:864 type:B dur:2 cpbdur:2 q:27.21 aq:24.15 tex:291779 mv:61847 misc:3742 imb:1967 pmb:4962 smb:1231 d:s ref:0 ;
in:863 out:865 type:b dur:2 cpbdur:2 q:27.21 aq:23.68 tex:243571 mv:56230 misc:4247 imb:2134 pmb:4149 smb:1877 d:s ref:0 ;
in:865 out:866 type:b dur:2 cpbdur:2 q:27.20 aq:23.82 tex:238578 mv:58756 misc:4298 imb:2154 pmb:4153 smb:1853 d:- ref:0 ;
in:870 out:867 type:P dur:2 cpbdur:2 q:27.19 aq:23.39 tex:503525 mv:49014 misc:1853 imb:4437 pmb:3385 smb:338 d:s ref:0 ;
in:868 out:868 type:B dur:2 cpbdur:2 q:27.20 aq:23.85 tex:298674 mv:63733 misc:3697 imb:2134 pmb:4946 smb:1080 d:s ref:0 ;
in:867 out:869 type:b dur:2 cpbdur:2 q:27.20 aq:23.77 tex:235632 mv:58823 misc:3953 imb:2311 pmb:4158 smb:1691 d:s ref:0 ;
in:869 out:870 type:b dur:2 cpbdur:2 q:27.19 aq:23.75 tex:262279 mv:59821 misc:3884 imb:2377 pmb:4237 smb:1546 d:- ref:0 ;
in:874 out:871 type:P dur:2 cpbdur:2 q:27.18 aq:23.32 tex:523646 mv:50363 misc:1935 imb:4690 pmb:3118 smb:352 d:s ref:0 ;
in:872 out:872 type:B dur:2 cpbdur:2 q:27.18 aq:24.08 tex:326661 mv:66290 misc:3489 imb:2292 pmb:4932 smb:936 d:t ref:0 ;
in:871 out:873 type:b dur:2 cpbdur:2 q:27.19 aq:23.85 tex:251346 mv:60977 misc:3917 imb:2368 pmb:4232 smb:1560 d:s ref:0 ;
in:873 out:874 type:b dur:2 cpbdur:2 q:27.18 aq:23.95 tex:270679 mv:62244 misc:3837 imb:2453 pmb:4211 smb:1496 d:- ref:0 ;
in:878 out:875 type:P dur:2 cpbdur:2 q:27.17 aq:23.29 tex:688843 mv:51568 misc:1517 imb:4840 pmb:3114 smb:206 d:s ref:0 ;
in:876 out:876 type:B dur:2 cpbdur:2 q:27.18 aq:24.11 tex:351736 mv:65626 misc:3438 imb:2201 pmb:4957 smb:1002 d:s ref:0 ;
in:875 out:877 type:b dur:2 cpbdur:2 q:27.18 aq:24.00 tex:295280 mv:63128 misc:3712 imb:2463 pmb:4355 smb:1342 d:s ref:0 ;
in:877 out:878 type:b dur:2 cpbdur:2 q:27.17 aq:24.21 tex:290962 mv:65036 misc:3738 imb:2445 pmb:4404 smb:1311 d:- ref:0 ;
in:882 out:879 type:P dur:2 cpbdur:2 q:27.18 aq:23.34 tex:704220 mv:52174 misc:1486 imb:4596 pmb:3375 smb:189 d:s ref:0 ;
in:880 out:880 type:B dur:2 cpbdur:2 q:27.18 aq:23.91 tex:332242 mv:63658 misc:3628 imb:2171 pmb:4834 smb:1155 d:s ref:0 ;
in:879 out:881 type:b dur:2 cpbdur:2 q:27.17 aq:24.15 tex:256458 mv:63589 misc:4009 imb:2467 pmb:4267 smb:1426 d:s ref:0 ;
in:881 out:882 type:b dur:2 cpbdur:2 q:27.18 aq:24.27 tex:286155 mv:64939 misc:3730 imb:2385 pmb:4337 smb:1438 d:- ref:0 ;
in:886 out:883 type:P dur:2 cpbdur:2 q:27.20 aq:23.19 tex:727948 mv:50039 misc:1661 imb:4457 pmb:3471 smb:232 d:s ref:0 ;
in:884 out:884 type:B dur:2 cpbdur:2 q:27.19 aq:24.21 tex:320683 mv:63921 misc:3644 imb:2200 pmb:4769 smb:1191 d:s ref:0 ;
in:883 out:885 type:b dur:2 cpbdur:2 q:27.19 aq:24.21 tex:258231 mv:61954 misc:4247 imb:2244 pmb:4327 smb:1589 d:s ref:0 ;
in:885 out:886 type:b dur:2 cpbdur:2 q:27.19 aq:24.09 tex:278929 mv:60747 misc:4124 imb:2235 pmb:4208 smb:1717 d:- ref:0 ;
in:890 out:887 type:P dur:2 cpbdur:2 q:27.22 aq:23.23 tex:642883 mv:48802 misc:1859 imb:4318 pmb:3559 smb:283 d:s ref:0 ;
in:888 out:888 type:B dur:2 cpbdur:2 q:27.21 aq:24.22 tex:301674 mv:61083 misc:3779 imb:1948 pmb:4971 smb:1241 d:s ref:0 ;
in:887 out:889 type:b dur:2 cpbdur:2 q:27.20 aq:24.00 tex:236764 mv:58786 misc:4082 imb:2103 pmb:4223 smb:1834 d:s ref:0 ;
in:889 out:890 type:b dur:2 cpbdur:2 q:27.21 aq:23.98 tex:226977 mv:56188 misc:4203 imb:2042 pmb:4103 smb:2015 d:- ref:0 ;
in:894 out:891 type:P dur:2 cpbdur:2 q:27.24 aq:23.34 tex:557462 mv:47501 misc:2029 imb:4074 pmb:3781 smb:305 d:s ref:0 ;
in:892 out:892 type:B dur:2 cpbdur:2 q:27.23 aq:24.00 tex:266238 mv:58498 misc:4016 imb:1818 pmb:4770 smb:1572 d:s ref:0 ;
in:891 out:893 type:b dur:2 cpbdur:2 q:27.23 aq:23.86 tex:228556 mv:55661 misc:4135 imb:2148 pmb:3939 smb:2073 d:s ref:0 ;
in:893 out:894 type:b dur:2 cpbdur:2 q:27.24 aq:23.69 tex:230550 mv:54714 misc:4024 imb:2000 pmb:4080 smb:2080 d:- ref:0 ;
in:898 out:895 type:P dur:2 cpbdur:2 q:27.26 aq:23.27 tex:497244 mv:46388 misc:2440 imb:4052 pmb:3691 smb:417 d:s ref:0 ;
in:896 out:896 type:B dur:2 cpbdur:2 q:27.25 aq:23.90 tex:249097 mv:56523 misc:4116 imb:1854 pmb:4524 smb:1782 d:t ref:0 ;
in:895 out:897 type:b dur:2 cpbdur:2 q:27.25 aq:23.83 tex:232360 mv:54825 misc:4111 imb:2137 pmb:3935 smb:2088 d:s ref:0 ;
in:897 out:898 type:b dur:2 cpbdur:2 q:27.26 aq:23.86 tex:227552 mv:54907 misc:3997 imb:2061 pmb:4003 smb:2096 d:- ref:0 ;
in:902 out:899 type:P dur:2 cpbdur:2 q:27.27 aq:23.23 tex:551265 mv:46813 misc:1874 imb:4087 pmb:3811 smb:262 d:s ref:0 ;
in:900 out:900 type:B dur:2 cpbdur:2 q:27.26 aq:24.31 tex:276459 mv:59410 misc:4003 imb:1860 pmb:4850 smb:1450 d:t ref:0 ;
in:899 out:901 type:b dur:2 cpbdur:2 q:27.26 aq:23.92 tex:236607 mv:54751 misc:3962 imb:2179 pmb:3969 smb:2012 d:s ref:0 ;
in:901 out:902 type:b dur:2 cpbdur:2 q:27.27 aq:23.83 tex:218642 mv:54345 misc:4229 imb:2061 pmb:3968 smb:2131 d:- ref:0 ;
in:906 out:903 type:P dur:2 cpbdur:2 q:27.27 aq:23.29 tex:513924 mv:46880 misc:2260 imb:4091 pmb:3663 smb:406 d:s ref:0 ;
in:904 out:904 type:B dur:2 cpbdur:2 q:27.27 aq:24.23 tex:278727 mv:58692 misc:3885 imb:1868 pmb:4796 smb:1496 d:t ref:0 ;
in:903 out:905 type:b dur:2 cpbdur:2 q:27.27 aq:23.98 tex:222611 mv:54558 misc:4127 imb:2101 pmb:3942 smb:2117 d:s ref:0 ;
in:905 out:906 type:b dur:2 cpbdur:2 q:27.27 aq:24.08 tex:219984 mv:55964 misc:4284 imb:2061 pmb:4033 smb:2066 d:- ref:0 ;
in:910 out:907 type:P dur:2 cpbdur:2 q:27.25 aq:23.21 tex:518112 mv:46265 misc:2191 imb:4084 pmb:3663 smb:413 d:s ref:0 ;
in:908 out:908 type:B dur:2 cpbdur:2 q:27.26 aq:24.09 tex:255081 mv:57897 misc:4222 imb:1943 pmb:4567 smb:1650 d:t ref:0 ;
in:907 out:909 type:b dur:2 cpbdur:2 q:27.26 aq:24.23 tex:223049 mv:55242 misc:4429 imb:2061 pmb:4084 smb:2015 d:s ref:0 ;
in:909 out:910 type:b dur:2 cpbdur:2 q:27.26 aq:24.10 tex:232612 mv:56772 misc:4256 imb:2118 pmb:4060 smb:1982 d:- ref:0 ;
in:914 out:911 type:P dur:2 cpbdur:2 q:27.23 aq:23.27 tex:502390 mv:46608 misc:2450 imb:4095 pmb:3596 smb:469 d:s ref:0 ;
in:912 out:912 type:B dur:2 cpbdur:2 q:27.24 aq:24.08 tex:254996 mv:57698 misc:4138 imb:1849 pmb:4641 smb:1670 d:t ref:0 ;
in:911 out:913 type:b dur:2 cpbdur:2 q:27.25 aq:24.10 tex:230759 mv:55876 misc:4253 imb:2089 pmb:4063 smb:2008 d:s ref:0 ;
in:913 out:914 type:b dur:2 cpbdur:2 q:27.24 aq:24.08 tex:235007 mv:55598 misc:4331 imb:2021 pmb:4161 smb:1978 d:- ref:0 ;
in:918 out:915 type:P dur:2 cpbdur:2 q:27.22 aq:23.23 tex:494306 mv:46397 misc:2201 imb:4050 pmb:3699 smb:411 d:s ref:0 ;
in:916 out:916 type:B dur:2 cpbdur:2 q:27.23 aq:24.10 tex:276473 mv:59228 misc:3923 imb:1835 pmb:4806 smb:1519 d:t ref:0 ;
in:915 out:917 type:b dur:2 cpbdur:2 q:27.23 aq:24.09 tex:227903 mv:55861 misc:4348 imb:2118 pmb:3999 smb:2043 d:s ref:0 ;
in:917 out:918 type:b dur:2 cpbdur:2 q:27.22 aq:24.02 tex:229943 mv:55977 misc:4288 imb:2037 pmb:4093 smb:2030 d:- ref:0 ;
in:922 out:919 type:P dur:2 cpbdur:2 q:27.21 aq:23.21 tex:495283 mv:46602 misc:2307 imb:4043 pmb:3692 smb:425 d:s ref:0 ;
in:920 out:920 type:B dur:2 cpbdur:2 q:27.22 aq:24.16 tex:282401 mv:59085 misc:3930 imb:1916 pmb:4774 smb:1470 d:t ref:0 ;
in:919 out:921 type:b dur:2 cpbdur:2 q:27.22 aq:23.86 tex:228841 mv:53965 misc:4298 imb:2081 pmb:3947 smb:2132 d:s ref:0 ;
in:921 out:922 type:b dur:2 cpbdur:2 q:27.21 aq:23.88 tex:220038 mv:54218 misc:4136 imb:2113 pmb:3908 smb:2139 d:- ref:0 ;
in:926 out:923 type:P dur:2 cpbdur:2 q:27.20 aq:23.29 tex:500878 mv:46517 misc:2453 imb:4079 pmb:3625 smb:456 d:s ref:0 ;
in:924 out:924 type:B dur:2 cpbdur:2 q:27.21 aq:24.09 tex:247912 mv:56529 misc:4303 imb:1853 pmb:4583 smb:1724 d:s ref:0 ;
in:923 out:925 type:b dur:2 cpbdur:2 q:27.21 aq:23.76 tex:233641 mv:54042 misc:4165 imb:2149 pmb:3852 smb:2159 d:s ref:0 ;
in:925 out:926 type:b dur:2 cpbdur:2 q:27.20 aq:23.78 tex:224684 mv:53800 misc:4140 imb:2066 pmb:3921 smb:2173 d:- ref:0 ;
in:930 out:927 type:P dur:2 cpbdur:2 q:27.19 aq:23.30 tex:500841 mv:46047 misc:2112 imb:4053 pmb:3770 smb:337 d:s ref:0 ;
in:928 out:928 type:B dur:2 cpbdur:2 q:27.20 aq:23.87 tex:264451 mv:57802 misc:4043 imb:1895 pmb:4607 smb:1658 d:s ref:0 ;
in:927 out:929 type:b dur:2 cpbdur:2 q:27.20 aq:23.78 tex:224637 mv:54056 misc:4155 imb:2144 pmb:3837 smb:2179 d:s ref:0 ;
in:929 out:930 type:b dur:2 cpbdur:2 q:27.19 aq:23.85 tex:234803 mv:56913 misc:4148 imb:2111 pmb:4038 smb:2011 d:- ref:0 ;
in:934 out:931 type:P dur:2 cpbdur:2 q:27.19 aq:23.26 tex:489880 mv:46545 misc:2143 imb:4089 pmb:3702 smb:369 d:s ref:0 ;
in:932 out:932 type:B dur:2 cpbdur:2 q:27.19 aq:24.13 tex:288005 mv:59432 misc:4107 imb:1896 pmb:4763 smb:1501 d:s ref:0 ;
in:931 out:933 type:b dur:2 cpbdur:2 q:27.19 aq:23.75 tex:231136 mv:54639 misc:4025 imb:2078 pmb:3941 smb:2141 d:s ref:0 ;
in:933 out:934 type:b dur:2 cpbdur:2 q:27.19 aq:23.82 tex:226580 mv:54666 misc:4082 imb:2042 pmb:3986 smb:2132 d:- ref:0 ;
in:938 out:935 type:P dur:2 cpbdur:2 q:27.19 aq:23.36 tex:472443 mv:46986 misc:2427 imb:4077 pmb:3683 smb:400 d:s ref:0 ;
in:936 out:936 type:B dur:2 cpbdur:2 q:27.19 aq:24.11 tex:275676 mv:59450 misc:4146 imb:1835 pmb:4755 smb:1570 d:s ref:0 ;
in:935 out:937 type:b dur:2 cpbdur:2 q:27.19 aq:23.84 tex:235421 mv:54188 misc:4047 imb:2106 pmb:3950 smb:2104 d:s ref:0 ;
in:937 out:938 type:b dur:2 cpbdur:2 q:27.19 aq:23.99 tex:234556 mv:56242 misc:4178 imb:2136 pmb:3999 smb:2025 d:- ref:0 ;
in:942 out:939 type:P dur:2 cpbdur:2 q:27.18 aq:23.07 tex:734979 mv:45646 misc:871 imb:4466 pmb:3650 smb:44 d:s ref:0 ;
in:940 out:940 type:B dur:2 cpbdur:2 q:27.18 aq:23.96 tex:256566 mv:58297 misc:4201 imb:1972 pmb:4490 smb:1698 d:s ref:0 ;
in:939 out:941 type:b dur:2 cpbdur:2 q:27.19 aq:24.05 tex:241926 mv:55546 misc:4280 imb:2117 pmb:4083 smb:1960 d:s ref:0 ;
in:941 out:942 type:b dur:2 cpbdur:2 q:27.18 aq:24.03 tex:257773 mv:58085 misc:4054 imb:2361 pmb:3974 smb:1825 d:- ref:0 ;
in:943 out:943 type:P dur:2 cpbdur:2 q:27.19 aq:23.92 tex:280772 mv:42195 misc:3609 imb:4141 pmb:2225 smb:1794 d:s ref:0 ;
in:944 out:944 type:I dur:2 cpbdur:2 q:24.29 aq:19.91 tex:1934601 mv:211213 misc:530 imb:8160 pmb:0 smb:0 d:s ref:;
in:948 out:945 type:P dur:2 cpbdur:2 q:27.31 aq:23.24 tex:447857 mv:42627 misc:3164 imb:4398 pmb:2807 smb:955 d:s ref:0 ;
in:946 out:946 type:B dur:2 cpbdur:2 q:27.31 aq:23.93 tex:264612 mv:62072 misc:3980 imb:2365 pmb:4134 smb:1661 d:s ref:0 ;
in:945 out:947 type:b dur:2 cpbdur:2 q:27.31 aq:23.99 tex:201088 mv:56529 misc:4799 imb:2027 pmb:3927 smb:2206 d:s ref:0 ;
in:947 out:948 type:b dur:2 cpbdur:2 q:27.31 aq:23.91 tex:181893 mv:56094 misc:4877 imb:1935 pmb:3941 smb:2284 d:- ref:0 ;
in:952 out:949 type:P dur:2 cpbdur:2 q:27.28 aq:23.14 tex:424504 mv:47993 misc:2807 imb:4007 pmb:3517 smb:636 d:s ref:0 ;
in:950 out:950 type:B dur:2 cpbdur:2 q:27.30 aq:23.95 tex:245586 mv:58709 misc:4609 imb:1815 pmb:4646 smb:1699 d:t ref:0 ;
in:949 out:951 type:b dur:2 cpbdur:2 q:27.30 aq:23.69 tex:184527 mv:53338 misc:4823 imb:2024 pmb:3761 smb:2375 d:s ref:0 ;
in:951 out:952 type:b dur:2 cpbdur:2 q:27.29 aq:23.60 tex:175084 mv:51798 misc:4838 imb:1807 pmb:3884 smb:2469 d:- ref:0 ;
in:956 out:953 type:P dur:2 cpbdur:2 q:27.26 aq:23.19 tex:455057 mv:46493 misc:2570 imb:3975 pmb:3630 smb:555 d:s ref:0 ;
in:954 out:954 type:B dur:2 cpbdur:2 q:27.27 aq:23.95 tex:263549 mv:55950 misc:4133 imb:1875 pmb:4580 smb:1705 d:t ref:0 ;
in:953 out:955 type:b dur:2 cpbdur:2 q:27.28 aq:23.56 tex:184378 mv:53405 misc:4761 imb:1951 pmb:3760 smb:2449 d:s ref:0 ;
in:955 out:956 type:b dur:2 cpbdur:2 q:27.27 aq:23.70 tex:210630 mv:52933 misc:4453 imb:1988 pmb:3903 smb:2269 d:- ref:0 ;
in:960 out:957 type:P dur:2 cpbdur:2 q:27.25 aq:23.45 tex:434235 mv:43504 misc:3101 imb:4061 pmb:3418 smb:681 d:s ref:0 ;
in:958 out:958 type:B dur:2 cpbdur:2 q:27.25 aq:23.89 tex:246306 mv:55887 misc:4367 imb:1836 pmb:4581 smb:1743 d:t ref:0 ;
in:957 out:959 type:b dur:2 cpbdur:2 q:27.26 aq:23.79 tex:213295 mv:51258 misc:4207 imb:1969 pmb:3978 smb:2213 d:s ref:0 ;
in:959 out:960 type:b dur:2 cpbdur:2 q:27.25 aq:23.73 tex:230218 mv:53719 misc:4127 imb:2035 pmb:4005 smb:2120 d:- ref:0 ;
in:964 out:961 type:P dur:2 cpbdur:2 q:27.24 aq:23.49 tex:423967 mv:46657 misc:2952 imb:4017 pmb:3529 smb:614 d:s ref:0 ;
in:962 out:962 type:B dur:2 cpbdur:2 q:27.25 aq:24.03 tex:258374 mv:57805 misc:4501 imb:1905 pmb:4635 smb:1620 d:t ref:0 ;
in:961 out:963 type:b dur:2 cpbdur:2 q:27.25 aq:23.76 tex:218680 mv:53400 misc:4176 imb:2139 pmb:3834 smb:2187 d:s ref:0 ;
in:963 out:964 type:b dur:2 cpbdur:2 q:27.24 aq:23.86 tex:205912 mv:53400 misc:4472 imb:2023 pmb:3882 smb:2255 d:- ref:0 ;
in:968 out:965 type:P dur:2 cpbdur:2 q:27.22 aq:23.51 tex:389555 mv:45412 misc:3129 imb:4034 pmb:3445 smb:681 d:s ref:0 ;
in:966 out:966 type:B dur:2 cpbdur:2 q:27.23 aq:24.11 tex:288578 mv:57049 misc:3933 imb:2022 pmb:4577 smb:1561 d:t ref:0 ;
in:965 out:967 type:b dur:2 cpbdur:2 q:27.24 aq:23.83 tex:223783 mv:53160 misc:4377 imb:2072 pmb:3920 smb:2168 d:s ref:0 ;
in:967 out:968 type:b dur:2 cpbdur:2 q:27.23 aq:23.96 tex:225950 mv:54088 misc:4418 imb:2066 pmb:3961 smb:2133 d:- ref:0 ;
in:972 out:969 type:P dur:2 cpbdur:2 q:27.20 aq:23.77 tex:431638 mv:44140 misc:3286 imb:4149 pmb:3135 smb:876 d:s ref:0 ;
in:970 out:970 type:B dur:2 cpbdur:2 q:27.21 aq:23.93 tex:255262 mv:57348 misc:4134 imb:1826 pmb:4623 smb:1711 d:t ref:0 ;
in:969 out:971 type:b dur:2 cpbdur:2 q:27.22 aq:24.06 tex:228871 mv:54813 misc:4476 imb:2037 pmb:4085 smb:2038 d:s ref:0 ;
in:971 out:972 type:b dur:2 cpbdur:2 q:27.21 aq:24.05 tex:235205 mv:55242 misc:4313 imb:2067 pmb:4094 smb:1999 d:- ref:0 ;
in:976 out:973 type:P dur:2 cpbdur:2 q:27.18 aq:23.95 tex:396536 mv:45746 misc:3198 imb:4353 pmb:2832 smb:975 d:s ref:0 w:7,127,1 ;
in:974 out:974 type:B dur:2 cpbdur:2 q:27.19 aq:23.91 tex:253247 mv:59239 misc:4322 imb:2162 pmb:4246 smb:1752 d:t ref:0 ;
in:973 out:975 type:b dur:2 cpbdur:2 q:27.19 aq:24.05 tex:239701 mv:55515 misc:4264 imb:2219 pmb:3976 smb:1965 d:s ref:0 ;
in:975 out:976 type:b dur:2 cpbdur:2 q:27.18 aq:24.01 tex:237878 mv:57317 misc:4157 imb:2268 pmb:3901 smb:1991 d:- ref:0 ;
in:980 out:977 type:P dur:2 cpbdur:2 q:27.17 aq:24.37 tex:494263 mv:46672 misc:1377 imb:5374 pmb:2652 smb:134 d:s ref:0 w:6,51,9,2,3,31,3,33 ;
in:978 out:978 type:B dur:2 cpbdur:2 q:27.17 aq:24.57 tex:436831 mv:59967 misc:2178 imb:5668 pmb:2112 smb:380 d:s ref:0 ;
in:977 out:979 type:b dur:2 cpbdur:2 q:27.17 aq:24.06 tex:289470 mv:40562 misc:4272 imb:3173 pmb:3035 smb:1952 d:s ref:0 ;
in:979 out:980 type:b dur:2 cpbdur:2 q:27.17 aq:23.84 tex:243350 mv:24364 misc:4942 imb:1945 pmb:3935 smb:2280 d:- ref:0 ;
in:984 out:981 type:P dur:2 cpbdur:2 q:27.15 aq:24.67 tex:882994 mv:58686 misc:768 imb:6003 pmb:2157 smb:0 d:s ref:0 w:7,97,-9,7,64,61,67,62 ;
in:982 out:982 type:B dur:2 cpbdur:2 q:27.16 aq:24.54 tex:455358 mv:37577 misc:3057 imb:2799 pmb:4806 smb:555 d:s ref:0 ;
in:981 out:983 type:b dur:2 cpbdur:2 q:27.16 aq:24.13 tex:221764 mv:14167 misc:5573 imb:1101 pmb:4555 smb:2504 d:s ref:0 ;
in:983 out:984 type:b dur:2 cpbdur:2 q:27.15 aq:24.90 tex:252050 mv:11061 misc:5385 imb:764 pmb:5390 smb:2006 d:- ref:0 ;
in:986 out:985 type:P dur:2 cpbdur:2 q:27.17 aq:24.01 tex:871244 mv:65562 misc:682 imb:4598 pmb:3561 smb:1 d:s ref:0 w:6,65,-25,7,76,50,85,44 ;
in:985 out:986 type:b dur:2 cpbdur:2 q:27.16 aq:25.41 tex:300603 mv:15769 misc:4852 imb:793 pmb:6196 smb:1171 d:t ref:0 ;
in:988 out:987 type:P dur:2 cpbdur:2 q:27.19 aq:23.65 tex:639241 mv:61571 misc:740 imb:2827 pmb:5328 smb:5 d:s ref:0 w:6,69,-23,7,95,32,112,16 ;
in:987 out:988 type:b dur:2 cpbdur:2 q:27.18 aq:25.42 tex:268858 mv:25700 misc:5034 imb:920 pmb:6017 smb:1223 d:t ref:0 ;
in:989 out:989 type:P dur:2 cpbdur:2 q:27.21 aq:22.71 tex:655351 mv:52855 misc:682 imb:1638 pmb:6513 smb:9 d:s ref:0 w:5,33,-7 ;
in:993 out:990 type:P dur:2 cpbdur:2 q:27.22 aq:22.56 tex:510208 mv:50046 misc:754 imb:1365 pmb:6777 smb:18 d:s ref:0 w:0,1,-1 ;
in:991 out:991 type:B dur:2 cpbdur:2 q:27.21 aq:24.18 tex:206191 mv:48898 misc:5095 imb:553 pmb:6393 smb:1214 d:s ref:0 ;
in:990 out:992 type:b dur:2 cpbdur:2 q:27.21 aq:25.35 tex:123792 mv:38029 misc:7027 imb:494 pmb:5108 smb:2558 d:s ref:0 ;
in:992 out:993 type:b dur:2 cpbdur:2 q:27.21 aq:25.38 tex:136339 mv:34796 misc:7049 imb:430 pmb:5138 smb:2592 d:- ref:0 ;
in:997 out:994 type:P dur:2 cpbdur:2 q:27.24 aq:22.66 tex:483134 mv:48883 misc:927 imb:1269 pmb:6850 smb:41 d:s ref:0 ;
in:995 out:995 type:B dur:2 cpbdur:2 q:27.23 aq:24.30 tex:182747 mv:40269 misc:6000 imb:468 pmb:6007 smb:1685 d:s ref:0 ;
in:994 out:996 type:b dur:2 cpbdur:2 q:27.22 aq:25.23 tex:109251 mv:32550 misc:7279 imb:417 pmb:4461 smb:3282 d:s ref:0 ;
in:996 out:997 type:b dur:2 cpbdur:2 q:27.24 aq:25.47 tex:131354 mv:34020 misc:7058 imb:419 pmb:5024 smb:2717 d:- ref:0 ;
in:1001 out:998 type:P dur:2 cpbdur:2 q:27.27 aq:22.68 tex:472561 mv:50144 misc:959 imb:1318 pmb:6793 smb:49 d:s ref:0 ;
in:999 out:999 type:B dur:2 cpbdur:2 q:27.26 aq:24.39 tex:187579 mv:40908 misc:5849 imb:502 pmb:6062 smb:1596 d:t ref:0 ;
in:998 out:1000 type:b dur:2 cpbdur:2 q:27.25 aq:25.34 tex:118806 mv:32754 misc:7184 imb:417 pmb:4628 smb:3115 d:s ref:0 ;
in:1000 out:1001 type:b dur:2 cpbdur:2 q:27.26 aq:25.45 tex:129670 mv:34255 misc:7187 imb:436 pmb:4900 smb:2824 d:- ref:0 ;
in:1005 out:1002 type:P dur:2 cpbdur:2 q:27.28 aq:22.74 tex:450829 mv:49899 misc:840 imb:1317 pmb:6808 smb:35 d:s ref:0 ;
in:1003 out:1003 type:B dur:2 cpbdur:2 q:27.28 aq:24.35 tex:179695 mv:39984 misc:6121 imb:511 pmb:5819 smb:1830 d:s ref:0 ;
in:1002 out:1004 type:b dur:2 cpbdur:2 q:27.27 aq:25.35 tex:113430 mv:33826 misc:7312 imb:457 pmb:4488 smb:3215 d:s ref:0 ;
in:1004 out:1005 type:b dur:2 cpbdur:2 q:27.28 aq:25.46 tex:124056 mv:33171 misc:7133 imb:382 pmb:4914 smb:2864 d:- ref:0 ;
in:1009 out:1006 type:P dur:2 cpbdur:2 q:27.26 aq:22.75 tex:462423 mv:50507 misc:894 imb:1344 pmb:6777 smb:39 d:s ref:0 ;
in:1007 out:1007 type:B dur:2 cpbdur:2 q:27.27 aq:24.42 tex:182332 mv:37627 misc:6057 imb:504 pmb:5859 smb:1797 d:t ref:0 ;
in:1006 out:1008 type:b dur:2 cpbdur:2 q:27.28 aq:25.35 tex:112724 mv:31693 misc:7239 imb:469 pmb:4358 smb:3333 d:s ref:0 ;
in:1008 out:1009 type:b dur:2 cpbdur:2 q:27.27 aq:25.45 tex:124147 mv:31351 misc:7054 imb:438 pmb:4649 smb:3073 d:- ref:0 ;
in:1013 out:1010 type:P dur:2 cpbdur:2 q:27.20 aq:22.71 tex:491874 mv:50501 misc:785 imb:1384 pmb:6747 smb:29 d:s ref:0 ;
in:1011 out:1011 type:B dur:2 cpbdur:2 q:27.23 aq:24.48 tex:203187 mv:41358 misc:5551 imb:491 pmb:6166 smb:1503 d:t ref:0 ;
in:1010 out:1012 type:b dur:2 cpbdur:2 q:27.25 aq:25.36 tex:117453 mv:32852 misc:7223 imb:423 pmb:4548 smb:3189 d:s ref:0 ;
in:1012 out:1013 type:b dur:2 cpbdur:2 q:27.21 aq:25.44 tex:150781 mv:38689 misc:6730 imb:429 pmb:5507 smb:2224 d:- ref:0 ;
in:1017 out:1014 type:P dur:2 cpbdur:2 q:27.12 aq:22.61 tex:515206 mv:50803 misc:799 imb:1411 pmb:6724 smb:25 d:s ref:0 ;
in:1015 out:1015 type:B dur:2 cpbdur:2 q:27.16 aq:24.38 tex:209464 mv:44199 misc:5369 imb:544 pmb:6259 smb:1357 d:t ref:0 ;
in:1014 out:1016 type:b dur:2 cpbdur:2 q:27.18 aq:25.34 tex:130747 mv:35964 misc:6953 imb:427 pmb:5041 smb:2692 d:s ref:0 ;
in:1016 out:1017 type:b dur:2 cpbdur:2 q:27.14 aq:25.38 tex:146934 mv:37075 misc:6775 imb:441 pmb:5454 smb:2265 d:- ref:0 ;
in:1021 out:1018 type:P dur:2 cpbdur:2 q:27.06 aq:22.39 tex:503225 mv:50676 misc:835 imb:1409 pmb:6724 smb:27 d:s ref:0 ;
in:1019 out:1019 type:B dur:2 cpbdur:2 q:27.09 aq:24.10 tex:201668 mv:43898 misc:5338 imb:487 pmb:6306 smb:1367 d:t ref:0 ;
in:1018 out:1020 type:b dur:2 cpbdur:2 q:27.11 aq:25.40 tex:155498 mv:36363 misc:6611 imb:385 pmb:5635 smb:2140 d:s ref:0 ;
in:1020 out:1021 type:b dur:2 cpbdur:2 q:27.08 aq:25.27 tex:134468 mv:32725 misc:7047 imb:419 pmb:4910 smb:2831 d:- ref:0 ;
in:1025 out:1022 type:P dur:2 cpbdur:2 q:27.00 aq:22.35 tex:484009 mv:49965 misc:834 imb:1354 pmb:6769 smb:37 d:s ref:0 ;
in:1023 out:1023 type:B dur:2 cpbdur:2 q:27.03 aq:24.17 tex:190320 mv:41184 misc:5856 imb:522 pmb:5935 smb:1703 d:t ref:0 ;
in:1022 out:1024 type:b dur:2 cpbdur:2 q:27.05 aq:25.13 tex:133396 mv:34963 misc:6961 imb:408 pmb:4966 smb:2786 d:s ref:0 ;
in:1024 out:1025 type:b dur:2 cpbdur:2 q:27.02 aq:25.20 tex:148297 mv:37086 misc:6577 imb:451 pmb:5317 smb:2392 d:- ref:0 ;
in:1029 out:1026 type:P dur:2 cpbdur:2 q:26.96 aq:22.31 tex:482607 mv:48738 misc:815 imb:1435 pmb:6690 smb:35 d:s ref:0 ;
in:1027 out:1027 type:B dur:2 cpbdur:2 q:26.98 aq:24.11 tex:193699 mv:41599 misc:5798 imb:535 pmb:5907 smb:1718 d:t ref:0 ;
in:1026 out:1028 type:b dur:2 cpbdur:2 q:26.99 aq:25.11 tex:136978 mv:36020 misc:6978 imb:439 pmb:5013 smb:2708 d:s ref:0 ;
in:1028 out:1029 type:b dur:2 cpbdur:2 q:26.97 aq:25.13 tex:140009 mv:35509 misc:6802 imb:447 pmb:5103 smb:2610 d:- ref:0 ;
in:1033 out:1030 type:P dur:2 cpbdur:2 q:26.92 aq:22.33 tex:476705 mv:50235 misc:900 imb:1464 pmb:6654 smb:42 d:s ref:0 ;
in:1031 out:1031 type:B dur:2 cpbdur:2 q:26.94 aq:23.99 tex:199781 mv:42165 misc:5734 imb:545 pmb:6017 smb:1598 d:t ref:0 ;
in:1030 out:1032 type:b dur:2 cpbdur:2 q:26.95 aq:25.05 tex:142652 mv:36269 misc:6711 imb:445 pmb:5092 smb:2623 d:s ref:0 ;
in:1032 out:1033 type:b dur:2 cpbdur:2 q:26.93 aq:25.10 tex:147778 mv:36200 misc:6742 imb:449 pmb:5309 smb:2402 d:- ref:0 ;
in:1037 out:1034 type:P dur:2 cpbdur:2 q:26.88 aq:22.34 tex:471979 mv:49434 misc:827 imb:1498 pmb:6628 smb:34 d:s ref:0 ;
in:1035 out:1035 type:B dur:2 cpbdur:2 q:26.90 aq:23.99 tex:199560 mv:42422 misc:5626 imb:546 pmb:6044 smb:1570 d:t ref:0 ;
in:1034 out:1036 type:b dur:2 cpbdur:2 q:26.91 aq:24.99 tex:143578 mv:35816 misc:6750 imb:445 pmb:5105 smb:2610 d:s ref:0 ;
in:1036 out:1037 type:b dur:2 cpbdur:2 q:26.89 aq:25.03 tex:145668 mv:37303 misc:6749 imb:453 pmb:5259 smb:2448 d:- ref:0 ;
in:1041 out:1038 type:P dur:2 cpbdur:2 q:26.86 aq:22.41 tex:496630 mv:50064 misc:762 imb:1494 pmb:6641 smb:25 d:s ref:0 ;
in:1039 out:1039 type:B dur:2 cpbdur:2 q:26.87 aq:23.93 tex:209644 mv:42188 misc:5568 imb:578 pmb:6046 smb:1536 d:t ref:0 ;
in:1038 out:1040 type:b dur:2 cpbdur:2 q:26.88 aq:24.98 tex:142555 mv:35733 misc:6784 imb:465 pmb:5037 smb:2658 d:s ref:0 ;
in:1040 out:1041 type:b dur:2 cpbdur:2 q:26.86 aq:25.05 tex:170750 mv:39298 misc:6072 imb:471 pmb:5741 smb:1948 d:- ref:0 ;
in:1045 out:1042 type:P dur:2 cpbdur:2 q:26.83 aq:22.34 tex:518137 mv:51793 misc:758 imb:1555 pmb:6584 smb:21 d:s ref:0 ;
in:1043 out:1043 type:B dur:2 cpbdur:2 q:26.84 aq:24.05 tex:229794 mv:46199 misc:4847 imb:573 pmb:6417 smb:1170 d:t ref:0 ;
in:1042 out:1044 type:b dur:2 cpbdur:2 q:26.85 aq:24.96 tex:152025 mv:37627 misc:6596 imb:484 pmb:5221 smb:2455 d:s ref:0 ;
in:1044 out:1045 type:b dur:2 cpbdur:2 q:26.84 aq:25.03 tex:167600 mv:39733 misc:6235 imb:466 pmb:5605 smb:2089 d:- ref:0 ;
in:1049 out:1046 type:P dur:2 cpbdur:2 q:26.80 aq:22.24 tex:520779 mv:51449 misc:756 imb:1511 pmb:6628 smb:21 d:s ref:0 ;
in:1047 out:1047 type:B dur:2 cpbdur:2 q:26.82 aq:24.14 tex:238397 mv:43101 misc:4838 imb:550 pmb:6445 smb:1165 d:s ref:0 ;
in:1046 out:1048 type:b dur:2 cpbdur:2 q:26.82 aq:24.90 tex:154853 mv:37112 misc:6579 imb:528 pmb:5157 smb:2475 d:s ref:0 ;
in:1048 out:1049 type:b dur:2 cpbdur:2 q:26.81 aq:24.90 tex:149439 mv:37359 misc:6778 imb:502 pmb:5125 smb:2533 d:- ref:0 ;
in:1053 out:1050 type:P dur:2 cpbdur:2 q:26.77 aq:22.06 tex:532136 mv:51050 misc:806 imb:1507 pmb:6627 smb:26 d:s ref:0 ;
in:1051 out:1051 type:B dur:2 cpbdur:2 q:26.79 aq:23.74 tex:214331 mv:45605 misc:5304 imb:626 pmb:6130 smb:1404 d:s ref:0 ;
in:1050 out:1052 type:b dur:2 cpbdur:2 q:26.79 aq:24.90 tex:157617 mv:38888 misc:6607 imb:446 pmb:5474 smb:2240 d:s ref:0 ;
in:1052 out:1053 type:b dur:2 cpbdur:2 q:26.78 aq:24.95 tex:146580 mv:36244 misc:6648 imb:426 pmb:5174 smb:2560 d:- ref:0 ;
in:1057 out:1054 type:P dur:2 cpbdur:2 q:26.74 aq:22.08 tex:525359 mv:50252 misc:773 imb:1508 pmb:6631 smb:21 d:s ref:0 ;
in:1055 out:1055 type:B dur:2 cpbdur:2 q:26.76 aq:23.90 tex:213520 mv:43744 misc:5496 imb:593 pmb:6057 smb:1510 d:s ref:0 ;
in:1054 out:1056 type:b dur:2 cpbdur:2 q:26.76 aq:24.87 tex:145139 mv:36231 misc:6846 imb:484 pmb:5026 smb:2650 d:s ref:0 ;
in:1056 out:1057 type:b dur:2 cpbdur:2 q:26.75 aq:24.90 tex:158173 mv:37921 misc:6570 imb:461 pmb:5332 smb:2367 d:- ref:0 ;
in:1061 out:1058 type:P dur:2 cpbdur:2 q:26.71 aq:22.05 tex:532540 mv:51061 misc:823 imb:1390 pmb:6739 smb:31 d:s ref:0 ;
in:1059 out:1059 type:B dur:2 cpbdur:2 q:26.73 aq:23.83 tex:215022 mv:44258 misc:5504 imb:550 pmb:6120 smb:1490 d:s ref:0 ;
in:1058 out:1060 type:b dur:2 cpbdur:2 q:26.73 aq:24.87 tex:150374 mv:36946 misc:6632 imb:454 pmb:5130 smb:2576 d:s ref:0 ;
in:1060 out:1061 type:b dur:2 cpbdur:2 q:26.72 aq:24.87 tex:154132 mv:37048 misc:6412 imb:415 pmb:5460 smb:2285 d:- ref:0 ;
in:1065 out:1062 type:P dur:2 cpbdur:2 q:26.69 aq:22.01 tex:536890 mv:49738 misc:796 imb:1354 pmb:6782 smb:24 d:s ref:0 ;
in:1063 out:1063 type:B dur:2 cpbdur:2 q:26.70 aq:23.82 tex:213614 mv:43319 misc:5651 imb:572 pmb:6045 smb:1543 d:s ref:0 ;
in:1062 out:1064 type:b dur:2 cpbdur:2 q:26.70 aq:24.82 tex:149341 mv:36383 misc:6636 imb:424 pmb:5251 smb:2485 d:s ref:0 ;
in:1064 out:1065 type:b dur:2 cpbdur:2 q:26.69 aq:24.91 tex:153414 mv:38295 misc:6475 imb:451 pmb:5445 smb:2264 d:- ref:0 ;
in:1069 out:1066 type:P dur:2 cpbdur:2 q:26.66 aq:21.97 tex:537951 mv:50364 misc:749 imb:1300 pmb:6836 smb:24 d:s ref:0 ;
in:1067 out:1067 type:B dur:2 cpbdur:2 q:26.67 aq:23.79 tex:211718 mv:42192 misc:5714 imb:497 pmb:6065 smb:1598 d:s ref:0 ;
in:1066 out:1068 type:b dur:2 cpbdur:2 q:26.68 aq:24.83 tex:147635 mv:36667 misc:6818 imb:447 pmb:5172 smb:2541 d:s ref:0 ;
in:1068 out:1069 type:b dur:2 cpbdur:2 q:26.67 aq:24.93 tex:152559 mv:37683 misc:6694 imb:417 pmb:5438 smb:2305 d:- ref:0 ;
in:1073 out:1070 type:P dur:2 cpbdur:2 q:26.63 aq:21.97 tex:536054 mv:49371 misc:839 imb:1249 pmb:6879 smb:32 d:s ref:0 ;
in:1071 out:1071 type:B dur:2 cpbdur:2 q:26.65 aq:23.81 tex:215388 mv:43929 misc:5451 imb:489 pmb:6241 smb:1430 d:s ref:0 ;
in:1070 out:1072 type:b dur:2 cpbdur:2 q:26.65 aq:24.84 tex:147535 mv:37791 misc:6722 imb:417 pmb:5314 smb:2429 d:s ref:0 ;
in:1072 out:1073 type:b dur:2 cpbdur:2 q:26.64 aq:24.88 tex:153876 mv:36783 misc:6629 imb:389 pmb:5461 smb:2310 d:- ref:0 ;
in:1077 out:1074 type:P dur:2 cpbdur:2 q:26.61 aq:21.99 tex:572192 mv:51145 misc:743 imb:1200 pmb:6945 smb:15 d:s ref:0 ;
in:1075 out:1075 type:B dur:2 cpbdur:2 q:26.62 aq:23.76 tex:219467 mv:43140 misc:5481 imb:453 pmb:6299 smb:1408 d:s ref:0 ;
in:1074 out:1076 type:b dur:2 cpbdur:2 q:26.63 aq:24.83 tex:142343 mv:36186 misc:6879 imb:380 pmb:5253 smb:2527 d:s ref:0 ;
in:1076 out:1077 type:b dur:2 cpbdur:2 q:26.61 aq:24.95 tex:170855 mv:39243 misc:6150 imb:349 pmb:5915 smb:1896 d:- ref:0 ;
in:1081 out:1078 type:P dur:2 cpbdur:2 q:26.58 aq:21.71 tex:571086 mv:50418 misc:664 imb:1148 pmb:7000 smb:12 d:s ref:0 ;
in:1079 out:1079 type:B dur:2 cpbdur:2 q:26.59 aq:24.02 tex:251733 mv:43455 misc:4564 imb:405 pmb:6729 smb:1026 d:s ref:0 ;
in:1078 out:1080 type:b dur:2 cpbdur:2 q:26.60 aq:24.89 tex:156761 mv:38297 misc:6590 imb:386 pmb:5562 smb:2212 d:s ref:0 ;
in:1080 out:1081 type:b dur:2 cpbdur:2 q:26.59 aq:24.84 tex:147313 mv:35352 misc:6855 imb:387 pmb:5293 smb:2480 d:- ref:0 ;
in:1085 out:1082 type:P dur:2 cpbdur:2 q:26.55 aq:21.74 tex:516593 mv:48955 misc:740 imb:1014 pmb:7127 smb:19 d:s ref:0 ;
in:1083 out:1083 type:B dur:2 cpbdur:2 q:26.57 aq:23.77 tex:212983 mv:41920 misc:5601 imb:392 pmb:6263 smb:1505 d:s ref:0 ;
in:1082 out:1084 type:b dur:2 cpbdur:2 q:26.57 aq:24.68 tex:121641 mv:34424 misc:7279 imb:346 pmb:4763 smb:3051 d:s ref:0 ;
in:1084 out:1085 type:b dur:2 cpbdur:2 q:26.56 aq:24.78 tex:138016 mv:34971 misc:7045 imb:326 pmb:5316 smb:2518 d:- ref:0 ;
in:1089 out:1086 type:P dur:2 cpbdur:2 q:26.52 aq:21.72 tex:531038 mv:50020 misc:766 imb:962 pmb:7180 smb:18 d:s ref:0 ;
in:1087 out:1087 type:B dur:2 cpbdur:2 q:26.54 aq:23.75 tex:210276 mv:40878 misc:5654 imb:389 pmb:6271 smb:1500 d:s ref:0 ;
in:1086 out:1088 type:b dur:2 cpbdur:2 q:26.55 aq:24.69 tex:113774 mv:31733 misc:7397 imb:280 pmb:4627 smb:3253 d:s ref:0 ;
in:1088 out:1089 type:b dur:2 cpbdur:2 q:26.53 aq:24.81 tex:140277 mv:33461 misc:7110 imb:348 pmb:5169 smb:2643 d:- ref:0 ;
in:1093 out:1090 type:P dur:2 cpbdur:2 q:26.50 aq:21.66 tex:517315 mv:49366 misc:735 imb:969 pmb:7175 smb:16 d:s ref:0 ;
in:1091 out:1091 type:B dur:2 cpbdur:2 q:26.51 aq:23.85 tex:221589 mv:41092 misc:5303 imb:327 pmb:6481 smb:1352 d:s ref:0 ;
in:1090 out:1092 type:b dur:2 cpbdur:2 q:26.52 aq:24.76 tex:124850 mv:31489 misc:7365 imb:307 pmb:4802 smb:3051 d:s ref:0 ;
in:1092 out:1093 type:b dur:2 cpbdur:2 q:26.50 aq:24.80 tex:140025 mv:35089 misc:6942 imb:289 pmb:5328 smb:2543 d:- ref:0 ;
in:1097 out:1094 type:P dur:2 cpbdur:2 q:26.47 aq:21.67 tex:511567 mv:48857 misc:776 imb:897 pmb:7240 smb:23 d:s ref:0 ;
in:1095 out:1095 type:B dur:2 cpbdur:2 q:26.48 aq:23.77 tex:210885 mv:40288 misc:5739 imb:337 pmb:6270 smb:1553 d:s ref:0 ;
in:1094 out:1096 type:b dur:2 cpbdur:2 q:26.49 aq:24.71 tex:115572 mv:33479 misc:7445 imb:271 pmb:4752 smb:3137 d:s ref:0 ;
in:1096 out:1097 type:b dur:2 cpbdur:2 q:26.48 aq:24.72 tex:135794 mv:35130 misc:7196 imb:284 pmb:5263 smb:2613 d:- ref:0 ;
in:1101 out:1098 type:P dur:2 cpbdur:2 q:26.44 aq:21.67 tex:514071 mv:48414 misc:795 imb:851 pmb:7281 smb:28 d:s ref:0 ;
in:1099 out:1099 type:B dur:2 cpbdur:2 q:26.46 aq:23.78 tex:216897 mv:40972 misc:5347 imb:302 pmb:6494 smb:1364 d:s ref:0 ;
in:1098 out:1100 type:b dur:2 cpbdur:2 q:26.47 aq:24.65 tex:114890 mv:32248 misc:7302 imb:257 pmb:4715 smb:3188 d:s ref:0 ;
in:1100 out:1101 type:b dur:2 cpbdur:2 q:26.45 aq:24.75 tex:138677 mv:34832 misc:6979 imb:255 pmb:5357 smb:2548 d:- ref:0 ;
in:1105 out:1102 type:P dur:2 cpbdur:2 q:26.41 aq:21.67 tex:514958 mv:48299 misc:767 imb:832 pmb:7303 smb:25 d:s ref:0 ;
in:1103 out:1103 type:B dur:2 cpbdur:2 q:26.43 aq:23.75 tex:219401 mv:42390 misc:5321 imb:287 pmb:6527 smb:1346 d:s ref:0 ;
in:1102 out:1104 type:b dur:2 cpbdur:2 q:26.44 aq:24.66 tex:120611 mv:33588 misc:7441 imb:239 pmb:4902 smb:3019 d:s ref:0 ;
in:1104 out:1105 type:b dur:2 cpbdur:2 q:26.42 aq:24.67 tex:136447 mv:34889 misc:7160 imb:259 pmb:5308 smb:2593 d:- ref:0 ;
in:1109 out:1106 type:P dur:2 cpbdur:2 q:26.37 aq:21.67 tex:539633 mv:47451 misc:748 imb:760 pmb:7380 smb:20 d:s ref:0 ;
in:1107 out:1107 type:B dur:2 cpbdur:2 q:26.39 aq:23.94 tex:218905 mv:41156 misc:5387 imb:309 pmb:6489 smb:1362 d:s ref:0 ;
in:1106 out:1108 type:b dur:2 cpbdur:2 q:26.40 aq:24.67 tex:132842 mv:34431 misc:7231 imb:237 pmb:5247 smb:2676 d:s ref:0 ;
in:1108 out:1109 type:b dur:2 cpbdur:2 q:26.38 aq:24.87 tex:184417 mv:36058 misc:5917 imb:196 pmb:6308 smb:1656 d:- ref:0 ;
in:1113 out:1110 type:P dur:2 cpbdur:2 q:26.34 aq:21.76 tex:495831 mv:47378 misc:807 imb:776 pmb:7356 smb:28 d:s ref:0 ;
in:1111 out:1111 type:B dur:2 cpbdur:2 q:26.36 aq:23.50 tex:203429 mv:40913 misc:5810 imb:266 pmb:6338 smb:1556 d:s ref:0 ;
in:1110 out:1112 type:b dur:2 cpbdur:2 q:26.37 aq:24.57 tex:118166 mv:31580 misc:7470 imb:223 pmb:4945 smb:2992 d:s ref:0 ;
in:1112 out:1113 type:b dur:2 cpbdur:2 q:26.35 aq:24.71 tex:159039 mv:35466 misc:6527 imb:214 pmb:5896 smb:2050 d:- ref:0 ;
in:1117 out:1114 type:P dur:2 cpbdur:2 q:26.30 aq:22.07 tex:467776 mv:47461 misc:955 imb:740 pmb:7361 smb:59 d:s ref:0 ;
in:1115 out:1115 type:B dur:2 cpbdur:2 q:26.32 aq:23.46 tex:212895 mv:40113 misc:5672 imb:286 pmb:6407 smb:1467 d:s ref:0 ;
in:1114 out:1116 type:b dur:2 cpbdur:2 q:26.33 aq:24.56 tex:121869 mv:33625 misc:7394 imb:228 pmb:5052 smb:2880 d:s ref:0 ;
in:1116 out:1117 type:b dur:2 cpbdur:2 q:26.31 aq:24.69 tex:167656 mv:37561 misc:6215 imb:195 pmb:6152 smb:1813 d:- ref:0 ;
in:1121 out:1118 type:P dur:2 cpbdur:2 q:26.26 aq:22.85 tex:353645 mv:46579 misc:1672 imb:741 pmb:7241 smb:178 d:s ref:0 ;
in:1119 out:1119 type:B dur:2 cpbdur:2 q:26.28 aq:23.51 tex:218905 mv:38979 misc:5468 imb:252 pmb:6544 smb:1364 d:s ref:0 ;
in:1118 out:1120 type:b dur:2 cpbdur:2 q:26.29 aq:24.59 tex:130871 mv:34504 misc:7233 imb:191 pmb:5355 smb:2614 d:s ref:0 ;
in:1120 out:1121 type:b dur:2 cpbdur:2 q:26.27 aq:24.68 tex:168263 mv:36181 misc:6284 imb:207 pmb:6111 smb:1842 d:- ref:0 ;
in:1124 out:1122 type:P dur:2 cpbdur:2 q:26.22 aq:24.62 tex:203156 mv:43817 misc:4203 imb:685 pmb:6488 smb:987 d:s ref:0 ;
in:1122 out:1123 type:B dur:2 cpbdur:2 q:26.25 aq:24.56 tex:139898 mv:32529 misc:7341 imb:232 pmb:5356 smb:2572 d:t ref:0 ;
in:1123 out:1124 type:b dur:2 cpbdur:2 q:26.24 aq:24.53 tex:120263 mv:28998 misc:7755 imb:209 pmb:4753 smb:3198 d:- ref:0 ;
in:1125 out:1125 type:P dur:2 cpbdur:2 q:26.18 aq:21.90 tex:530005 mv:37385 misc:762 imb:7495 pmb:662 smb:3 d:s ref:0 w:6,15,16,6,20,88,15,98 ;
in:1126 out:1126 type:P dur:2 cpbdur:2 q:26.18 aq:21.82 tex:451744 mv:51631 misc:657 imb:5838 pmb:2313 smb:9 d:s ref:0 ;
in:1127 out:1127 type:P dur:2 cpbdur:2 q:26.18 aq:21.96 tex:485859 mv:47904 misc:757 imb:6099 pmb:2053 smb:8 d:s ref:0 ;
in:1128 out:1128 type:P dur:2 cpbdur:2 q:26.18 aq:21.76 tex:453778 mv:46693 misc:681 imb:6381 pmb:1769 smb:10 d:s ref:0 ;
in:1129 out:1129 type:P dur:2 cpbdur:2 q:26.19 aq:21.83 tex:449596 mv:48483 misc:713 imb:6108 pmb:2033 smb:19 d:s ref:0 ;
in:1130 out:1130 type:P dur:2 cpbdur:2 q:26.19 aq:21.84 tex:461068 mv:48968 misc:684 imb:6061 pmb:2091 smb:8 d:s ref:0 ;
in:1131 out:1131 type:P dur:2 cpbdur:2 q:26.19 aq:21.78 tex:469064 mv:47235 misc:693 imb:6259 pmb:1888 smb:13 d:s ref:0 ;
in:1132 out:1132 type:P dur:2 cpbdur:2 q:26.19 aq:21.80 tex:458399 mv:48049 misc:736 imb:6117 pmb:2031 smb:12 d:s ref:0 ;
in:1133 out:1133 type:P dur:2 cpbdur:2 q:26.19 aq:21.77 tex:462140 mv:48294 misc:702 imb:6059 pmb:2085 smb:16 d:s ref:0 ;
in:1134 out:1134 type:P dur:2 cpbdur:2 q:26.19 aq:21.82 tex:463347 mv:48035 misc:722 imb:6083 pmb:2058 smb:19 d:s ref:0 ;
in:1135 out:1135 type:P dur:2 cpbdur:2 q:26.19 aq:21.83 tex:490450 mv:47470 misc:680 imb:6149 pmb:2001 smb:10 d:s ref:0 ;
in:1136 out:1136 type:P dur:2 cpbdur:2 q:26.19 aq:21.92 tex:534193 mv:49261 misc:674 imb:6069 pmb:2082 smb:9 d:s ref:0 ;
in:1137 out:1137 type:P dur:2 cpbdur:2 q:26.18 aq:22.06 tex:612926 mv:49046 misc:684 imb:5970 pmb:2181 smb:9 d:s ref:0 ;
in:1138 out:1138 type:P dur:2 cpbdur:2 q:26.18 aq:21.77 tex:539682 mv:48011 misc:747 imb:6198 pmb:1942 smb:20 d:s ref:0 ;
in:1139 out:1139 type:P dur:2 cpbdur:2 q:26.18 aq:21.82 tex:539856 mv:51433 misc:775 imb:5661 pmb:2476 smb:23 d:s ref:0 ;
in:1140 out:1140 type:P dur:2 cpbdur:2 q:26.19 aq:21.72 tex:518340 mv:49510 misc:774 imb:5861 pmb:2276 smb:23 d:s ref:0 ;
in:1141 out:1141 type:I dur:2 cpbdur:2 q:23.37 aq:18.96 tex:927929 mv:217718 misc:505 imb:8160 pmb:0 smb:0 d:s ref:;
in:1145 out:1142 type:P dur:2 cpbdur:2 q:26.26 aq:21.80 tex:616034 mv:40735 misc:575 imb:6918 pmb:1237 smb:5 d:s ref:0 ;
in:1143 out:1143 type:B dur:2 cpbdur:2 q:26.26 aq:22.01 tex:377429 mv:80810 misc:1233 imb:4235 pmb:3790 smb:135 d:s ref:0 ;
in:1142 out:1144 type:b dur:2 cpbdur:2 q:26.26 aq:22.17 tex:329822 mv:81206 misc:1732 imb:3988 pmb:3917 smb:255 d:s ref:0 ;
in:1144 out:1145 type:b dur:2 cpbdur:2 q:26.26 aq:22.25 tex:343972 mv:79551 misc:1757 imb:3531 pmb:4341 smb:288 d:- ref:0 ;
in:1149 out:1146 type:P dur:2 cpbdur:2 q:26.26 aq:21.62 tex:696817 mv:45722 misc:693 imb:6320 pmb:1825 smb:15 d:s ref:0 ;
in:1147 out:1147 type:B dur:2 cpbdur:2 q:26.26 aq:22.20 tex:404544 mv:77290 misc:1462 imb:3744 pmb:4212 smb:204 d:s ref:0 ;
in:1146 out:1148 type:b dur:2 cpbdur:2 q:26.26 aq:22.50 tex:426947 mv:76832 misc:1397 imb:3797 pmb:4134 smb:229 d:s ref:0 ;
in:1148 out:1149 type:b dur:2 cpbdur:2 q:26.26 aq:22.49 tex:337010 mv:77445 misc:1985 imb:3326 pmb:4468 smb:366 d:- ref:0 ;
in:1153 out:1150 type:P dur:2 cpbdur:2 q:26.28 aq:21.61 tex:570809 mv:45146 misc:837 imb:6008 pmb:2115 smb:37 d:s ref:0 ;
in:1151 out:1151 type:B dur:2 cpbdur:2 q:26.27 aq:21.85 tex:333306 mv:74539 misc:2003 imb:3722 pmb:4008 smb:430 d:s ref:0 ;
in:1150 out:1152 type:b dur:2 cpbdur:2 q:26.27 aq:22.41 tex:319496 mv:72460 misc:2228 imb:2827 pmb:4775 smb:558 d:s ref:0 ;
in:1152 out:1153 type:b dur:2 cpbdur:2 q:26.28 aq:22.28 tex:332540 mv:68875 misc:2153 imb:3147 pmb:4313 smb:700 d:- ref:0 ;
in:1157 out:1154 type:P dur:2 cpbdur:2 q:26.32 aq:21.64 tex:607510 mv:45944 misc:882 imb:5887 pmb:2213 smb:60 d:s ref:0 ;
in:1155 out:1155 type:B dur:2 cpbdur:2 q:26.30 aq:21.98 tex:364185 mv:75631 misc:2016 imb:3773 pmb:3939 smb:448 d:s ref:0 ;
in:1154 out:1156 type:b dur:2 cpbdur:2 q:26.29 aq:22.38 tex:298420 mv:71048 misc:2644 imb:2639 pmb:4839 smb:682 d:s ref:0 ;
in:1156 out:1157 type:b dur:2 cpbdur:2 q:26.31 aq:22.52 tex:332246 mv:73594 misc:2344 imb:2783 pmb:4786 smb:591 d:- ref:0 ;
in:1161 out:1158 type:P dur:2 cpbdur:2 q:26.34 aq:21.97 tex:638762 mv:47100 misc:794 imb:5619 pmb:2501 smb:40 d:s ref:0 ;
in:1159 out:1159 type:B dur:2 cpbdur:2 q:26.33 aq:22.35 tex:377237 mv:73430 misc:1989 imb:3443 pmb:4224 smb:493 d:s ref:0 ;
in:1158 out:1160 type:b dur:2 cpbdur:2 q:26.33 aq:22.57 tex:348681 mv:71892 misc:2211 imb:3203 pmb:4395 smb:562 d:s ref:0 ;
in:1160 out:1161 type:b dur:2 cpbdur:2 q:26.34 aq:22.54 tex:332726 mv:72885 misc:2125 imb:3565 pmb:3994 smb:601 d:- ref:0 ;
in:1165 out:1162 type:P dur:2 cpbdur:2 q:26.38 aq:22.11 tex:669510 mv:44443 misc:919 imb:5802 pmb:2304 smb:54 d:s ref:0 ;
in:1163 out:1163 type:B dur:2 cpbdur:2 q:26.36 aq:22.45 tex:394223 mv:72642 misc:2007 imb:3769 pmb:3842 smb:549 d:s ref:0 ;
in:1162 out:1164 type:b dur:2 cpbdur:2 q:26.35 aq:22.72 tex:355544 mv:71360 misc:2056 imb:3345 pmb:4226 smb:589 d:s ref:0 ;
in:1164 out:1165 type:b dur:2 cpbdur:2 q:26.37 aq:22.71 tex:400431 mv:72810 misc:2047 imb:3858 pmb:3646 smb:656 d:- ref:0 ;
in:1169 out:1166 type:P dur:2 cpbdur:2 q:26.44 aq:22.07 tex:747372 mv:44881 misc:891 imb:5836 pmb:2258 smb:66 d:s ref:0 ;
in:1167 out:1167 type:B dur:2 cpbdur:2 q:26.41 aq:22.78 tex:418143 mv:70389 misc:1956 imb:3469 pmb:4134 smb:557 d:s ref:0 ;
in:1166 out:1168 type:b dur:2 cpbdur:2 q:26.40 aq:22.73 tex:359232 mv:74812 misc:2212 imb:3431 pmb:4044 smb:685 d:s ref:0 ;
in:1168 out:1169 type:b dur:2 cpbdur:2 q:26.42 aq:22.80 tex:345062 mv:70918 misc:2308 imb:3464 pmb:3878 smb:818 d:- ref:0 ;
in:1173 out:1170 type:P dur:2 cpbdur:2 q:26.49 aq:22.10 tex:604913 mv:41854 misc:1089 imb:5744 pmb:2305 smb:111 d:s ref:0 ;
in:1171 out:1171 type:B dur:2 cpbdur:2 q:26.46 aq:22.64 tex:369838 mv:69989 misc:2261 imb:3500 pmb:3982 smb:678 d:s ref:0 ;
in:1170 out:1172 type:b dur:2 cpbdur:2 q:26.45 aq:22.81 tex:336011 mv:66292 misc:2337 imb:3622 pmb:3621 smb:917 d:s ref:0 ;
in:1172 out:1173 type:b dur:2 cpbdur:2 q:26.48 aq:22.74 tex:316042 mv:69580 misc:2474 imb:3339 pmb:3872 smb:949 d:- ref:0 ;
in:1177 out:1174 type:P dur:2 cpbdur:2 q:26.54 aq:22.16 tex:701883 mv:43874 misc:1107 imb:5552 pmb:2492 smb:116 d:s ref:0 ;
in:1175 out:1175 type:B dur:2 cpbdur:2 q:26.52 aq:22.93 tex:409858 mv:70664 misc:2214 imb:3395 pmb:4064 smb:701 d:s ref:0 ;
in:1174 out:1176 type:b dur:2 cpbdur:2 q:26.51 aq:22.94 tex:362226 mv:71804 misc:2354 imb:3123 pmb:4157 smb:880 d:s ref:0 ;
in:1176 out:1177 type:b dur:2 cpbdur:2 q:26.53 aq:23.03 tex:356495 mv:68216 misc:2353 imb:3768 pmb:3550 smb:842 d:- ref:0 ;
in:1181 out:1178 type:P dur:2 cpbdur:2 q:26.59 aq:22.26 tex:598151 mv:41364 misc:1245 imb:5590 pmb:2382 smb:188 d:s ref:0 ;
in:1179 out:1179 type:B dur:2 cpbdur:2 q:26.57 aq:22.80 tex:366402 mv:69375 misc:2375 imb:3498 pmb:3849 smb:813 d:s ref:0 ;
in:1178 out:1180 type:b dur:2 cpbdur:2 q:26.56 aq:23.29 tex:315261 mv:65516 misc:2535 imb:3188 pmb:4066 smb:906 d:s ref:0 ;
in:1180 out:1181 type:b dur:2 cpbdur:2 q:26.58 aq:22.90 tex:333764 mv:68414 misc:2662 imb:3207 pmb:3963 smb:990 d:- ref:0 ;
in:1185 out:1182 type:P dur:2 cpbdur:2 q:26.64 aq:22.25 tex:692596 mv:42392 misc:1164 imb:5565 pmb:2408 smb:187 d:s ref:0 ;
in:1183 out:1183 type:B dur:2 cpbdur:2 q:26.62 aq:23.02 tex:402695 mv:69802 misc:2415 imb:3448 pmb:3971 smb:741 d:s ref:0 ;
in:1182 out:1184 type:b dur:2 cpbdur:2 q:26.61 aq:23.12 tex:362616 mv:67836 misc:2540 imb:3487 pmb:3748 smb:925 d:s ref:0 ;
in:1184 out:1185 type:b dur:2 cpbdur:2 q:26.63 aq:23.31 tex:331755 mv:68505 misc:2604 imb:3043 pmb:4162 smb:955 d:- ref:0 ;
in:1189 out:1186 type:P dur:2 cpbdur:2 q:26.68 aq:22.32 tex:690352 mv:42953 misc:1239 imb:5415 pmb:2579 smb:166 d:s ref:0 ;
in:1187 out:1187 type:B dur:2 cpbdur:2 q:26.66 aq:23.17 tex:368088 mv:67723 misc:2645 imb:3299 pmb:4063 smb:798 d:s ref:0 ;
in:1186 out:1188 type:b dur:2 cpbdur:2 q:26.65 aq:23.31 tex:333756 mv:67483 misc:2673 imb:2995 pmb:4169 smb:996 d:s ref:0 ;
in:1188 out:1189 type:b dur:2 cpbdur:2 q:26.67 aq:23.13 tex:332865 mv:65373 misc:2786 imb:3466 pmb:3570 smb:1124 d:- ref:0 ;
in:1193 out:1190 type:P dur:2 cpbdur:2 q:26.72 aq:22.51 tex:702571 mv:41903 misc:1262 imb:5363 pmb:2604 smb:193 d:s ref:0 ;
in:1191 out:1191 type:B dur:2 cpbdur:2 q:26.70 aq:23.18 tex:370345 mv:66901 misc:2698 imb:3465 pmb:3846 smb:849 d:s ref:0 ;
in:1190 out:1192 type:b dur:2 cpbdur:2 q:26.69 aq:23.46 tex:308616 mv:63844 misc:2932 imb:2984 pmb:4129 smb:1047 d:s ref:0 ;
in:1192 out:1193 type:b dur:2 cpbdur:2 q:26.71 aq:23.54 tex:367613 mv:67072 misc:2843 imb:3196 pmb:3911 smb:1053 d:- ref:0 ;
in:1197 out:1194 type:P dur:2 cpbdur:2 q:26.76 aq:22.56 tex:809945 mv:43083 misc:1140 imb:5294 pmb:2745 smb:121 d:s ref:0 ;
in:1195 out:1195 type:B dur:2 cpbdur:2 q:26.74 aq:23.36 tex:391291 mv:66604 misc:2761 imb:3369 pmb:3920 smb:871 d:s ref:0 ;
in:1194 out:1196 type:b dur:2 cpbdur:2 q:26.73 aq:23.70 tex:355186 mv:65176 misc:2734 imb:3354 pmb:3826 smb:980 d:s ref:0 ;
in:1196 out:1197 type:b dur:2 cpbdur:2 q:26.75 aq:23.89 tex:314286 mv:64587 misc:3047 imb:3229 pmb:3880 smb:1051 d:- ref:0 ;
in:1201 out:1198 type:P dur:2 cpbdur:2 q:26.81 aq:22.62 tex:697784 mv:39486 misc:994 imb:5449 pmb:2641 smb:70 d:s ref:0 ;
in:1199 out:1199 type:B dur:2 cpbdur:2 q:26.78 aq:23.40 tex:351395 mv:66113 misc:2900 imb:3359 pmb:3876 smb:925 d:s ref:0 ;
in:1198 out:1200 type:b dur:2 cpbdur:2 q:26.77 aq:23.80 tex:330029 mv:64593 misc:3066 imb:3010 pmb:4091 smb:1059 d:s ref:0 ;
in:1200 out:1201 type:b dur:2 cpbdur:2 q:26.79 aq:23.62 tex:310212 mv:61866 misc:3162 imb:3139 pmb:3792 smb:1229 d:- ref:0 ;
in:1205 out:1202 type:P dur:2 cpbdur:2 q:26.84 aq:22.52 tex:755375 mv:42239 misc:1154 imb:5203 pmb:2838 smb:119 d:s ref:0 ;
in:1203 out:1203 type:B dur:2 cpbdur:2 q:26.83 aq:23.44 tex:351318 mv:65103 misc:2971 imb:3165 pmb:3932 smb:1063 d:s ref:0 ;
in:1202 out:1204 type:b dur:2 cpbdur:2 q:26.82 aq:23.88 tex:323926 mv:63142 misc:3180 imb:2621 pmb:4276 smb:1263 d:s ref:0 ;
in:1204 out:1205 type:b dur:2 cpbdur:2 q:26.83 aq:23.82 tex:306279 mv:61575 misc:3226 imb:2663 pmb:4171 smb:1326 d:- ref:0 ;
in:1209 out:1206 type:P dur:2 cpbdur:2 q:26.89 aq:22.54 tex:651832 mv:40576 misc:1352 imb:4997 pmb:2991 smb:172 d:s ref:0 ;
in:1207 out:1207 type:B dur:2 cpbdur:2 q:26.87 aq:23.61 tex:331455 mv:62690 misc:3231 imb:2936 pmb:4014 smb:1210 d:s ref:0 ;
in:1206 out:1208 type:b dur:2 cpbdur:2 q:26.86 aq:23.91 tex:293892 mv:59876 misc:3216 imb:2852 pmb:3952 smb:1356 d:s ref:0 ;
in:1208 out:1209 type:b dur:2 cpbdur:2 q:26.88 aq:24.03 tex:282022 mv:57602 misc:3496 imb:2703 pmb:4047 smb:1410 d:- ref:0 ;
in:1213 out:1210 type:P dur:2 cpbdur:2 q:26.92 aq:22.68 tex:629093 mv:39167 misc:1396 imb:5024 pmb:2927 smb:209 d:s ref:0 ;
in:1211 out:1211 type:B dur:2 cpbdur:2 q:26.90 aq:23.60 tex:320694 mv:60816 misc:3314 imb:2863 pmb:4040 smb:1257 d:s ref:0 ;
in:1210 out:1212 type:b dur:2 cpbdur:2 q:26.90 aq:24.12 tex:296138 mv:57249 misc:3357 imb:2668 pmb:4136 smb:1356 d:s ref:0 ;
in:1212 out:1213 type:b dur:2 cpbdur:2 q:26.91 aq:24.01 tex:294096 mv:58251 misc:3333 imb:2958 pmb:3836 smb:1366 d:- ref:0 ;
in:1217 out:1214 type:P dur:2 cpbdur:2 q:26.93 aq:22.59 tex:648897 mv:39535 misc:1456 imb:5010 pmb:2939 smb:211 d:s ref:0 ;
in:1215 out:1215 type:B dur:2 cpbdur:2 q:26.93 aq:23.50 tex:319390 mv:61478 misc:3284 imb:3000 pmb:3947 smb:1213 d:s ref:0 ;
in:1214 out:1216 type:b dur:2 cpbdur:2 q:26.92 aq:24.14 tex:285673 mv:57500 misc:3411 imb:2510 pmb:4286 smb:1364 d:s ref:0 ;
in:1216 out:1217 type:b dur:2 cpbdur:2 q:26.93 aq:24.07 tex:285779 mv:56455 misc:3486 imb:2695 pmb:3978 smb:1487 d:- ref:0 ;
in:1221 out:1218 type:P dur:2 cpbdur:2 q:26.95 aq:22.52 tex:619241 mv:38413 misc:1434 imb:4985 pmb:2945 smb:230 d:s ref:0 ;
in:1219 out:1219 type:B dur:2 cpbdur:2 q:26.94 aq:23.63 tex:313899 mv:59341 misc:3440 imb:2830 pmb:3984 smb:1346 d:s ref:0 ;
in:1218 out:1220 type:b dur:2 cpbdur:2 q:26.94 aq:23.91 tex:285750 mv:56474 misc:3432 imb:2857 pmb:3750 smb:1553 d:s ref:0 ;
in:1220 out:1221 type:b dur:2 cpbdur:2 q:26.95 aq:24.00 tex:277815 mv:58029 misc:3508 imb:2561 pmb:4027 smb:1572 d:- ref:0 ;
in:1225 out:1222 type:P dur:2 cpbdur:2 q:26.96 aq:22.79 tex:624689 mv:38558 misc:1457 imb:4842 pmb:3101 smb:217 d:s ref:0 ;
in:1223 out:1223 type:B dur:2 cpbdur:2 q:26.95 aq:23.80 tex:307640 mv:57314 misc:3606 imb:2839 pmb:3936 smb:1385 d:s ref:0 ;
in:1222 out:1224 type:b dur:2 cpbdur:2 q:26.95 aq:23.95 tex:280366 mv:55023 misc:3483 imb:2530 pmb:4001 smb:1629 d:s ref:0 ;
in:1224 out:1225 type:b dur:2 cpbdur:2 q:26.96 aq:24.03 tex:289412 mv:56996 misc:3504 imb:2911 pmb:3713 smb:1536 d:- ref:0 ;
in:1229 out:1226 type:P dur:2 cpbdur:2 q:26.97 aq:22.79 tex:638794 mv:38118 misc:1368 imb:4925 pmb:3035 smb:200 d:s ref:0 ;
in:1227 out:1227 type:B dur:2 cpbdur:2 q:26.96 aq:23.72 tex:302026 mv:58873 misc:3365 imb:3051 pmb:3724 smb:1385 d:t ref:0 ;
in:1226 out:1228 type:b dur:2 cpbdur:2 q:26.96 aq:24.24 tex:287450 mv:55863 misc:3631 imb:2570 pmb:4058 smb:1532 d:s ref:0 ;
in:1228 out:1229 type:b dur:2 cpbdur:2 q:26.97 aq:24.15 tex:286052 mv:56815 misc:3493 imb:2701 pmb:3939 smb:1520 d:- ref:0 ;
in:1233 out:1230 type:P dur:2 cpbdur:2 q:26.98 aq:22.64 tex:619799 mv:37798 misc:1355 imb:5046 pmb:2906 smb:208 d:s ref:0 ;
in:1231 out:1231 type:B dur:2 cpbdur:2 q:26.98 aq:23.68 tex:301230 mv:57425 misc:3705 imb:2892 pmb:3904 smb:1364 d:s ref:0 ;
in:1230 out:1232 type:b dur:2 cpbdur:2 q:26.97 aq:24.33 tex:320390 mv:56064 misc:3458 imb:2690 pmb:4170 smb:1300 d:s ref:0 ;
in:1232 out:1233 type:b dur:2 cpbdur:2 q:26.98 aq:24.19 tex:278974 mv:57463 misc:3539 imb:2435 pmb:4179 smb:1546 d:- ref:0 ;
in:1237 out:1234 type:P dur:2 cpbdur:2 q:26.99 aq:22.73 tex:592389 mv:37999 misc:1460 imb:4891 pmb:3057 smb:212 d:s ref:0 ;
in:1235 out:1235 type:B dur:2 cpbdur:2 q:26.98 aq:23.75 tex:316027 mv:58363 misc:3522 imb:2810 pmb:4059 smb:1291 d:s ref:0 ;
in:1234 out:1236 type:b dur:2 cpbdur:2 q:26.98 aq:24.24 tex:293087 mv:55177 misc:3608 imb:2521 pmb:4180 smb:1459 d:s ref:0 ;
in:1236 out:1237 type:b dur:2 cpbdur:2 q:26.99 aq:24.12 tex:285784 mv:54510 misc:3530 imb:2593 pmb:3981 smb:1586 d:- ref:0 ;
in:1241 out:1238 type:P dur:2 cpbdur:2 q:26.99 aq:22.86 tex:611063 mv:37625 misc:1464 imb:4889 pmb:3044 smb:227 d:s ref:0 ;
in:1239 out:1239 type:B dur:2 cpbdur:2 q:26.99 aq:23.71 tex:307863 mv:57982 misc:3555 imb:2942 pmb:3858 smb:1360 d:s ref:0 ;
in:1238 out:1240 type:b dur:2 cpbdur:2 q:26.99 aq:24.16 tex:297339 mv:55873 misc:3444 imb:2428 pmb:4260 smb:1472 d:s ref:0 ;
in:1240 out:1241 type:b dur:2 cpbdur:2 q:26.99 aq:24.17 tex:280522 mv:55253 misc:3569 imb:2611 pmb:3981 smb:1568 d:- ref:0 ;
in:1245 out:1242 type:P dur:2 cpbdur:2 q:27.00 aq:22.78 tex:567084 mv:37850 misc:1714 imb:4946 pmb:2881 smb:333 d:s ref:0 ;
in:1243 out:1243 type:B dur:2 cpbdur:2 q:27.00 aq:23.54 tex:304666 mv:59312 misc:3518 imb:2869 pmb:3866 smb:1425 d:s ref:0 ;
in:1242 out:1244 type:b dur:2 cpbdur:2 q:27.00 aq:24.19 tex:294969 mv:54743 misc:3448 imb:2549 pmb:4128 smb:1483 d:s ref:0 ;
in:1244 out:1245 type:b dur:2 cpbdur:2 q:27.00 aq:24.06 tex:278649 mv:54607 misc:3512 imb:2415 pmb:4135 smb:1610 d:- ref:0 ;
in:1249 out:1246 type:P dur:2 cpbdur:2 q:27.01 aq:22.94 tex:573673 mv:37798 misc:1721 imb:4843 pmb:2987 smb:330 d:s ref:0 ;
in:1247 out:1247 type:B dur:2 cpbdur:2 q:27.00 aq:23.75 tex:303970 mv:56413 misc:3649 imb:2720 pmb:3968 smb:1472 d:s ref:0 ;
in:1246 out:1248 type:b dur:2 cpbdur:2 q:27.00 aq:24.15 tex:281413 mv:54492 misc:3663 imb:2504 pmb:4109 smb:1547 d:s ref:0 ;
in:1248 out:1249 type:b dur:2 cpbdur:2 q:27.00 aq:24.03 tex:288983 mv:55162 misc:3407 imb:2741 pmb:3776 smb:1643 d:- ref:0 ;
in:1253 out:1250 type:P dur:2 cpbdur:2 q:27.01 aq:23.01 tex:535765 mv:37335 misc:2052 imb:4889 pmb:2842 smb:429 d:s ref:0 ;
in:1251 out:1251 type:B dur:2 cpbdur:2 q:27.01 aq:23.65 tex:303982 mv:58311 misc:3483 imb:2947 pmb:3796 smb:1417 d:s ref:0 ;
in:1250 out:1252 type:b dur:2 cpbdur:2 q:27.01 aq:24.19 tex:287797 mv:54676 misc:3439 imb:2456 pmb:4160 smb:1544 d:s ref:0 ;
in:1252 out:1253 type:b dur:2 cpbdur:2 q:27.01 aq:24.05 tex:273808 mv:55431 misc:3489 imb:2619 pmb:3848 smb:1693 d:- ref:0 ;
in:1257 out:1254 type:P dur:2 cpbdur:2 q:27.03 aq:23.03 tex:518195 mv:36738 misc:1979 imb:5008 pmb:2721 smb:431 d:s ref:0 ;
in:1255 out:1255 type:B dur:2 cpbdur:2 q:27.02 aq:23.81 tex:317881 mv:57682 misc:3485 imb:2807 pmb:3990 smb:1363 d:s ref:0 ;
in:1254 out:1256 type:b dur:2 cpbdur:2 q:27.02 aq:24.08 tex:294461 mv:54495 misc:3484 imb:2683 pmb:3871 smb:1606 d:s ref:0 ;
in:1256 out:1257 type:b dur:2 cpbdur:2 q:27.02 aq:24.15 tex:284029 mv:55472 misc:3571 imb:2491 pmb:4050 smb:1619 d:- ref:0 ;
in:1261 out:1258 type:P dur:2 cpbdur:2 q:27.03 aq:23.20 tex:534002 mv:37800 misc:1902 imb:4801 pmb:2894 smb:465 d:s ref:0 ;
in:1259 out:1259 type:B dur:2 cpbdur:2 q:27.03 aq:23.82 tex:314529 mv:56876 misc:3499 imb:2806 pmb:4035 smb:1319 d:s ref:0 ;
in:1258 out:1260 type:b dur:2 cpbdur:2 q:27.03 aq:24.15 tex:285801 mv:55315 misc:3404 imb:2576 pmb:3999 smb:1585 d:s ref:0 ;
in:1260 out:1261 type:b dur:2 cpbdur:2 q:27.03 aq:24.20 tex:301435 mv:56190 misc:3431 imb:2733 pmb:3948 smb:1479 d:- ref:0 ;
in:1265 out:1262 type:P dur:2 cpbdur:2 q:27.04 aq:23.31 tex:494997 mv:37026 misc:2361 imb:4935 pmb:2634 smb:591 d:s ref:0 ;
in:1263 out:1263 type:B dur:2 cpbdur:2 q:27.04 aq:23.71 tex:300242 mv:58272 misc:3566 imb:3073 pmb:3689 smb:1398 d:s ref:0 ;
in:1262 out:1264 type:b dur:2 cpbdur:2 q:27.03 aq:24.33 tex:287865 mv:56227 misc:3548 imb:2488 pmb:4188 smb:1484 d:s ref:0 ;
in:1264 out:1265 type:b dur:2 cpbdur:2 q:27.04 aq:24.28 tex:293296 mv:56823 misc:3497 imb:2604 pmb:4105 smb:1451 d:- ref:0 ;
in:1269 out:1266 type:P dur:2 cpbdur:2 q:27.04 aq:23.49 tex:431842 mv:36925 misc:2537 imb:5066 pmb:2358 smb:736 d:s ref:0 ;
in:1267 out:1267 type:B dur:2 cpbdur:2 q:27.04 aq:23.84 tex:316846 mv:57401 misc:3537 imb:2771 pmb:4049 smb:1340 d:s ref:0 ;
in:1266 out:1268 type:b dur:2 cpbdur:2 q:27.04 aq:24.31 tex:304259 mv:55403 misc:3458 imb:2674 pmb:4039 smb:1447 d:s ref:0 ;
in:1268 out:1269 type:b dur:2 cpbdur:2 q:27.04 aq:24.31 tex:285710 mv:57063 misc:3475 imb:2443 pmb:4239 smb:1478 d:- ref:0 ;
in:1273 out:1270 type:P dur:2 cpbdur:2 q:27.04 aq:23.98 tex:383816 mv:36577 misc:2823 imb:4769 pmb:2329 smb:1062 d:s ref:0 ;
in:1271 out:1271 type:B dur:2 cpbdur:2 q:27.04 aq:23.92 tex:319604 mv:60328 misc:3484 imb:2767 pmb:4188 smb:1205 d:t ref:0 ;
in:1270 out:1272 type:b dur:2 cpbdur:2 q:27.04 aq:24.35 tex:285787 mv:55605 misc:3464 imb:2464 pmb:4243 smb:1453 d:s ref:0 ;
in:1272 out:1273 type:b dur:2 cpbdur:2 q:27.04 aq:24.32 tex:300061 mv:55690 misc:3417 imb:2592 pmb:4149 smb:1419 d:- ref:0 ;
in:1274 out:1274 type:P dur:2 cpbdur:2 q:27.03 aq:24.47 tex:348850 mv:37025 misc:3029 imb:4619 pmb:2361 smb:1180 d:s ref:0 ;
in:1275 out:1275 type:P dur:2 cpbdur:2 q:27.03 aq:22.90 tex:497322 mv:43473 misc:541 imb:8159 pmb:1 smb:0 d:s ref:0 ;
in:1276 out:1276 type:P dur:2 cpbdur:2 q:27.04 aq:23.00 tex:439698 mv:61393 misc:837 imb:5333 pmb:2799 smb:28 d:s ref:0 ;
in:1277 out:1277 type:P dur:2 cpbdur:2 q:27.05 aq:22.99 tex:442256 mv:59899 misc:917 imb:5500 pmb:2615 smb:45 d:s ref:0 ;
in:1278 out:1278 type:P dur:2 cpbdur:2 q:27.06 aq:23.01 tex:472952 mv:58813 misc:899 imb:5495 pmb:2621 smb:44 d:s ref:0 ;
in:1279 out:1279 type:P dur:2 cpbdur:2 q:27.07 aq:23.00 tex:434519 mv:59618 misc:871 imb:5394 pmb:2729 smb:37 d:s ref:0 ;
in:1280 out:1280 type:I dur:2 cpbdur:2 q:24.11 aq:19.87 tex:793731 mv:180828 misc:473 imb:8160 pmb:0 smb:0 d:s ref:;
in:1284 out:1281 type:P dur:2 cpbdur:2 q:27.11 aq:22.65 tex:533542 mv:57077 misc:813 imb:6007 pmb:2118 smb:35 d:s ref:0 ;
in:1282 out:1282 type:B dur:2 cpbdur:2 q:27.11 aq:23.34 tex:369402 mv:78544 misc:1230 imb:3654 pmb:4416 smb:90 d:t ref:0 ;
in:1281 out:1283 type:b dur:2 cpbdur:2 q:27.11 aq:23.40 tex:287730 mv:84770 misc:2020 imb:3398 pmb:4505 smb:257 d:s ref:0 ;
in:1283 out:1284 type:b dur:2 cpbdur:2 q:27.11 aq:23.25 tex:241214 mv:77042 misc:3072 imb:2450 pmb:5217 smb:493 d:- ref:0 ;
in:1288 out:1285 type:P dur:2 cpbdur:2 q:27.13 aq:22.81 tex:508121 mv:55554 misc:789 imb:5588 pmb:2547 smb:25 d:s ref:0 ;
in:1286 out:1286 type:B dur:2 cpbdur:2 q:27.12 aq:23.14 tex:278539 mv:81712 misc:2149 imb:2369 pmb:5518 smb:273 d:s ref:0 ;
in:1285 out:1287 type:b dur:2 cpbdur:2 q:27.12 aq:23.21 tex:236035 mv:71998 misc:3455 imb:2455 pmb:5073 smb:632 d:s ref:0 ;
in:1287 out:1288 type:b dur:2 cpbdur:2 q:27.12 aq:23.20 tex:246159 mv:74807 misc:3274 imb:2646 pmb:4932 smb:582 d:- ref:0 ;
in:1292 out:1289 type:P dur:2 cpbdur:2 q:27.14 aq:22.79 tex:419134 mv:61551 misc:939 imb:4989 pmb:3121 smb:50 d:s ref:0 ;
in:1290 out:1290 type:B dur:2 cpbdur:2 q:27.13 aq:23.08 tex:266288 mv:76259 misc:2765 imb:2366 pmb:5379 smb:415 d:s ref:0 ;
in:1289 out:1291 type:b dur:2 cpbdur:2 q:27.13 aq:23.29 tex:269334 mv:72952 misc:2818 imb:2492 pmb:5185 smb:483 d:s ref:0 ;
in:1291 out:1292 type:b dur:2 cpbdur:2 q:27.14 aq:23.25 tex:246078 mv:72022 misc:3124 imb:2454 pmb:5117 smb:589 d:- ref:0 ;
in:1296 out:1293 type:P dur:2 cpbdur:2 q:27.14 aq:23.04 tex:447608 mv:56350 misc:1026 imb:5220 pmb:2871 smb:69 d:s ref:0 ;
in:1294 out:1294 type:B dur:2 cpbdur:2 q:27.14 aq:23.10 tex:300157 mv:72115 misc:2488 imb:2641 pmb:4991 smb:528 d:s ref:0 ;
in:1293 out:1295 type:b dur:2 cpbdur:2 q:27.14 aq:23.11 tex:248873 mv:71862 misc:3049 imb:2681 pmb:4771 smb:708 d:s ref:0 ;
in:1295 out:1296 type:b dur:2 cpbdur:2 q:27.14 aq:23.47 tex:284656 mv:73067 misc:2765 imb:2642 pmb:4869 smb:649 d:- ref:0 ;
in:1300 out:1297 type:P dur:2 cpbdur:2 q:27.16 aq:23.02 tex:506517 mv:54532 misc:1383 imb:5487 pmb:2520 smb:153 d:s ref:0 ;
in:1298 out:1298 type:B dur:2 cpbdur:2 q:27.15 aq:23.31 tex:313075 mv:75810 misc:2275 imb:2395 pmb:5228 smb:537 d:t ref:0 ;
in:1297 out:1299 type:b dur:2 cpbdur:2 q:27.14 aq:23.43 tex:298635 mv:72423 misc:2526 imb:2631 pmb:4933 smb:596 d:s ref:0 ;
in:1299 out:1300 type:b dur:2 cpbdur:2 q:27.15 aq:23.43 tex:284796 mv:73306 misc:2474 imb:2557 pmb:5001 smb:602 d:- ref:0 ;
in:1304 out:1301 type:P dur:2 cpbdur:2 q:27.16 aq:23.00 tex:460468 mv:57711 misc:1365 imb:5065 pmb:2940 smb:155 d:s ref:0 ;
in:1302 out:1302 type:B dur:2 cpbdur:2 q:27.16 aq:23.32 tex:288247 mv:75231 misc:2418 imb:2477 pmb:5118 smb:565 d:s ref:0 ;
in:1301 out:1303 type:b dur:2 cpbdur:2 q:27.16 aq:23.41 tex:279872 mv:72364 misc:2692 imb:2626 pmb:4891 smb:643 d:s ref:0 ;
in:1303 out:1304 type:b dur:2 cpbdur:2 q:27.16 aq:23.31 tex:271644 mv:70350 misc:2918 imb:2587 pmb:4859 smb:714 d:- ref:0 ;
in:1308 out:1305 type:P dur:2 cpbdur:2 q:27.15 aq:22.95 tex:440842 mv:55374 misc:1424 imb:5245 pmb:2749 smb:166 d:s ref:0 ;
in:1306 out:1306 type:B dur:2 cpbdur:2 q:27.16 aq:23.31 tex:303509 mv:73085 misc:2414 imb:2764 pmb:4835 smb:561 d:s ref:0 ;
in:1305 out:1307 type:b dur:2 cpbdur:2 q:27.16 aq:23.42 tex:274361 mv:71524 misc:2835 imb:2686 pmb:4765 smb:709 d:s ref:0 ;
in:1307 out:1308 type:b dur:2 cpbdur:2 q:27.15 aq:23.30 tex:271225 mv:71596 misc:2859 imb:2586 pmb:4847 smb:727 d:- ref:0 ;
in:1312 out:1309 type:P dur:2 cpbdur:2 q:27.14 aq:23.06 tex:432046 mv:53928 misc:1338 imb:5412 pmb:2566 smb:182 d:s ref:0 ;
in:1310 out:1310 type:B dur:2 cpbdur:2 q:27.15 aq:23.27 tex:281387 mv:72009 misc:2668 imb:2442 pmb:5055 smb:663 d:s ref:0 ;
in:1309 out:1311 type:b dur:2 cpbdur:2 q:27.15 aq:23.44 tex:289199 mv:70336 misc:2705 imb:2575 pmb:4887 smb:698 d:s ref:0 ;
in:1311 out:1312 type:b dur:2 cpbdur:2 q:27.14 aq:23.35 tex:275153 mv:69452 misc:2755 imb:2518 pmb:4778 smb:864 d:- ref:0 ;
in:1316 out:1313 type:P dur:2 cpbdur:2 q:27.13 aq:23.30 tex:481394 mv:53659 misc:1147 imb:5186 pmb:2884 smb:90 d:s ref:0 ;
in:1314 out:1314 type:B dur:2 cpbdur:2 q:27.13 aq:23.38 tex:316773 mv:71630 misc:2693 imb:2559 pmb:4805 smb:796 d:s ref:0 ;
in:1313 out:1315 type:b dur:2 cpbdur:2 q:27.14 aq:23.31 tex:292351 mv:69360 misc:2745 imb:2710 pmb:4605 smb:845 d:s ref:0 ;
in:1315 out:1316 type:b dur:2 cpbdur:2 q:27.13 aq:23.49 tex:321681 mv:73058 misc:2677 imb:2521 pmb:4818 smb:821 d:- ref:0 ;
in:1320 out:1317 type:P dur:2 cpbdur:2 q:27.12 aq:23.12 tex:501723 mv:54408 misc:1477 imb:5214 pmb:2774 smb:172 d:s ref:0 ;
in:1318 out:1318 type:B dur:2 cpbdur:2 q:27.13 aq:23.36 tex:329115 mv:73767 misc:2374 imb:2630 pmb:4785 smb:745 d:t ref:0 ;
in:1317 out:1319 type:b dur:2 cpbdur:2 q:27.13 aq:23.45 tex:287166 mv:72621 misc:2637 imb:2561 pmb:4749 smb:850 d:s ref:0 ;
in:1319 out:1320 type:b dur:2 cpbdur:2 q:27.13 aq:23.52 tex:266726 mv:71975 misc:3115 imb:2461 pmb:4780 smb:919 d:- ref:0 ;
in:1324 out:1321 type:P dur:2 cpbdur:2 q:27.13 aq:23.00 tex:495147 mv:53089 misc:1572 imb:5222 pmb:2725 smb:213 d:s ref:0 ;
in:1322 out:1322 type:B dur:2 cpbdur:2 q:27.13 aq:23.39 tex:298066 mv:71868 misc:2658 imb:2420 pmb:4940 smb:800 d:s ref:0 ;
in:1321 out:1323 type:b dur:2 cpbdur:2 q:27.13 aq:23.39 tex:275062 mv:69238 misc:2996 imb:2583 pmb:4641 smb:936 d:s ref:0 ;
in:1323 out:1324 type:b dur:2 cpbdur:2 q:27.13 aq:23.39 tex:281063 mv:68594 misc:3087 imb:2540 pmb:4642 smb:978 d:- ref:0 ;
in:1328 out:1325 type:P dur:2 cpbdur:2 q:27.14 aq:23.14 tex:446054 mv:53915 misc:1759 imb:5073 pmb:2823 smb:264 d:s ref:0 ;
in:1326 out:1326 type:B dur:2 cpbdur:2 q:27.13 aq:23.40 tex:286622 mv:70821 misc:2669 imb:2396 pmb:4950 smb:814 d:s ref:0 ;
in:1325 out:1327 type:b dur:2 cpbdur:2 q:27.13 aq:23.36 tex:277597 mv:67525 misc:3150 imb:2540 pmb:4613 smb:1007 d:s ref:0 ;
in:1327 out:1328 type:b dur:2 cpbdur:2 q:27.13 aq:23.42 tex:264311 mv:68212 misc:3381 imb:2619 pmb:4487 smb:1054 d:- ref:0 ;
in:1332 out:1329 type:P dur:2 cpbdur:2 q:27.14 aq:23.14 tex:421152 mv:51840 misc:1792 imb:5091 pmb:2788 smb:281 d:s ref:0 ;
in:1330 out:1330 type:B dur:2 cpbdur:2 q:27.14 aq:23.30 tex:290011 mv:69923 misc:2786 imb:2581 pmb:4662 smb:917 d:s ref:0 ;
in:1329 out:1331 type:b dur:2 cpbdur:2 q:27.14 aq:23.47 tex:261565 mv:67587 misc:3128 imb:2599 pmb:4513 smb:1048 d:s ref:0 ;
in:1331 out:1332 type:b dur:2 cpbdur:2 q:27.14 aq:23.38 tex:259349 mv:67005 misc:3270 imb:2483 pmb:4504 smb:1173 d:- ref:0 ;
in:1336 out:1333 type:P dur:2 cpbdur:2 q:27.14 aq:23.14 tex:397688 mv:51331 misc:1933 imb:5157 pmb:2655 smb:348 d:s ref:0 ;
in:1334 out:1334 type:B dur:2 cpbdur:2 q:27.14 aq:23.40 tex:269294 mv:67829 misc:2917 imb:2327 pmb:4790 smb:1043 d:s ref:0 ;
in:1333 out:1335 type:b dur:2 cpbdur:2 q:27.14 aq:23.35 tex:257903 mv:67444 misc:3109 imb:2631 pmb:4380 smb:1149 d:s ref:0 ;
in:1335 out:1336 type:b dur:2 cpbdur:2 q:27.14 aq:23.44 tex:261813 mv:66509 misc:3142 imb:2553 pmb:4469 smb:1138 d:- ref:0 ;
in:1340 out:1337 type:P dur:2 cpbdur:2 q:27.15 aq:23.23 tex:379784 mv:51443 misc:2013 imb:5028 pmb:2753 smb:379 d:s ref:0 ;
in:1338 out:1338 type:B dur:2 cpbdur:2 q:27.15 aq:23.21 tex:285744 mv:67332 misc:2580 imb:2334 pmb:4824 smb:1002 d:t ref:0 ;
in:1337 out:1339 type:b dur:2 cpbdur:2 q:27.15 aq:23.29 tex:268852 mv:66887 misc:3061 imb:2650 pmb:4392 smb:1118 d:s ref:0 ;
in:1339 out:1340 type:b dur:2 cpbdur:2 q:27.15 aq:23.30 tex:270334 mv:66507 misc:2975 imb:2574 pmb:4473 smb:1113 d:- ref:0 ;
in:1344 out:1341 type:P dur:2 cpbdur:2 q:27.14 aq:23.14 tex:386309 mv:51348 misc:2079 imb:4986 pmb:2786 smb:388 d:s ref:0 ;
in:1342 out:1342 type:B dur:2 cpbdur:2 q:27.14 aq:23.27 tex:287682 mv:67981 misc:2921 imb:2457 pmb:4667 smb:1036 d:t ref:0 ;
in:1341 out:1343 type:b dur:2 cpbdur:2 q:27.14 aq:23.50 tex:259773 mv:66485 misc:3286 imb:2657 pmb:4311 smb:1192 d:s ref:0 ;
in:1343 out:1344 type:b dur:2 cpbdur:2 q:27.14 aq:23.32 tex:268820 mv:67756 misc:3080 imb:2625 pmb:4397 smb:1138 d:- ref:0 ;
in:1348 out:1345 type:P dur:2 cpbdur:2 q:27.13 aq:23.11 tex:428721 mv:50788 misc:1707 imb:5111 pmb:2818 smb:231 d:s ref:0 ;
in:1346 out:1346 type:B dur:2 cpbdur:2 q:27.14 aq:23.49 tex:288868 mv:67015 misc:2933 imb:2319 pmb:4795 smb:1046 d:s ref:0 ;
in:1345 out:1347 type:b dur:2 cpbdur:2 q:27.14 aq:23.39 tex:272500 mv:68430 misc:3046 imb:2733 pmb:4304 smb:1123 d:s ref:0 ;
in:1347 out:1348 type:b dur:2 cpbdur:2 q:27.14 aq:23.40 tex:275892 mv:66848 misc:2892 imb:2593 pmb:4440 smb:1127 d:- ref:0 ;
in:1352 out:1349 type:P dur:2 cpbdur:2 q:27.13 aq:23.21 tex:435338 mv:51558 misc:2072 imb:4872 pmb:2932 smb:356 d:s ref:0 ;
in:1350 out:1350 type:B dur:2 cpbdur:2 q:27.13 aq:23.34 tex:295727 mv:66952 misc:2921 imb:2340 pmb:4805 smb:1015 d:t ref:0 ;
in:1349 out:1351 type:b dur:2 cpbdur:2 q:27.13 aq:23.37 tex:278930 mv:67474 misc:3020 imb:2652 pmb:4382 smb:1126 d:s ref:0 ;
in:1351 out:1352 type:b dur:2 cpbdur:2 q:27.13 aq:23.42 tex:269904 mv:67484 misc:3148 imb:2674 pmb:4304 smb:1182 d:- ref:0 ;
in:1356 out:1353 type:P dur:2 cpbdur:2 q:27.12 aq:23.19 tex:433364 mv:51464 misc:2060 imb:5008 pmb:2739 smb:413 d:s ref:0 ;
in:1354 out:1354 type:B dur:2 cpbdur:2 q:27.12 aq:23.33 tex:301081 mv:67373 misc:2882 imb:2451 pmb:4632 smb:1077 d:s ref:0 ;
in:1353 out:1355 type:b dur:2 cpbdur:2 q:27.12 aq:23.52 tex:269306 mv:66216 misc:3110 imb:2713 pmb:4255 smb:1192 d:s ref:0 ;
in:1355 out:1356 type:b dur:2 cpbdur:2 q:27.12 aq:23.35 tex:271741 mv:67378 misc:3041 imb:2537 pmb:4429 smb:1194 d:- ref:0 ;
in:1360 out:1357 type:P dur:2 cpbdur:2 q:27.12 aq:23.12 tex:434296 mv:50133 misc:2251 imb:4985 pmb:2702 smb:473 d:s ref:0 ;
in:1358 out:1358 type:B dur:2 cpbdur:2 q:27.12 aq:23.52 tex:285079 mv:68096 misc:3017 imb:2306 pmb:4768 smb:1086 d:t ref:0 ;
in:1357 out:1359 type:b dur:2 cpbdur:2 q:27.12 aq:23.42 tex:265506 mv:65345 misc:3309 imb:2614 pmb:4282 smb:1264 d:s ref:0 ;
in:1359 out:1360 type:b dur:2 cpbdur:2 q:27.12 aq:23.58 tex:255451 mv:67335 misc:3286 imb:2589 pmb:4298 smb:1273 d:- ref:0 ;
in:1364 out:1361 type:P dur:2 cpbdur:2 q:27.12 aq:23.23 tex:411349 mv:50558 misc:2245 imb:4909 pmb:2797 smb:454 d:s ref:0 ;
in:1362 out:1362 type:B dur:2 cpbdur:2 q:27.12 aq:23.31 tex:288360 mv:67377 misc:2943 imb:2390 pmb:4651 smb:1119 d:s ref:0 ;
in:1361 out:1363 type:b dur:2 cpbdur:2 q:27.12 aq:23.34 tex:266955 mv:65494 misc:3295 imb:2537 pmb:4347 smb:1276 d:s ref:0 ;
in:1363 out:1364 type:b dur:2 cpbdur:2 q:27.12 aq:23.45 tex:262090 mv:65269 misc:3305 imb:2644 pmb:4198 smb:1318 d:- ref:0 ;
in:1368 out:1365 type:P dur:2 cpbdur:2 q:27.12 aq:23.15 tex:413401 mv:49726 misc:2177 imb:4990 pmb:2728 smb:442 d:s ref:0 ;
in:1366 out:1366 type:B dur:2 cpbdur:2 q:27.12 aq:23.34 tex:289557 mv:66175 misc:2892 imb:2462 pmb:4546 smb:1152 d:s ref:0 ;
in:1365 out:1367 type:b dur:2 cpbdur:2 q:27.12 aq:23.51 tex:260859 mv:65446 misc:3255 imb:2647 pmb:4202 smb:1311 d:s ref:0 ;
in:1367 out:1368 type:b dur:2 cpbdur:2 q:27.12 aq:23.38 tex:260983 mv:65338 misc:3327 imb:2478 pmb:4341 smb:1341 d:- ref:0 ;
in:1372 out:1369 type:P dur:2 cpbdur:2 q:27.11 aq:23.22 tex:408565 mv:50126 misc:2317 imb:4914 pmb:2774 smb:472 d:s ref:0 ;
in:1370 out:1370 type:B dur:2 cpbdur:2 q:27.11 aq:23.41 tex:285228 mv:66117 misc:2991 imb:2274 pmb:4710 smb:1176 d:t ref:0 ;
in:1369 out:1371 type:b dur:2 cpbdur:2 q:27.11 aq:23.41 tex:260328 mv:64730 misc:3358 imb:2615 pmb:4198 smb:1347 d:s ref:0 ;
in:1371 out:1372 type:b dur:2 cpbdur:2 q:27.11 aq:23.38 tex:270910 mv:64834 misc:3264 imb:2641 pmb:4169 smb:1350 d:- ref:0 ;
in:1376 out:1373 type:P dur:2 cpbdur:2 q:27.10 aq:23.22 tex:399994 mv:49710 misc:2312 imb:4897 pmb:2779 smb:484 d:s ref:0 ;
in:1374 out:1374 type:B dur:2 cpbdur:2 q:27.11 aq:23.32 tex:283114 mv:66212 misc:3042 imb:2284 pmb:4653 smb:1223 d:s ref:0 ;
in:1373 out:1375 type:b dur:2 cpbdur:2 q:27.11 aq:23.35 tex:263340 mv:64499 misc:3385 imb:2531 pmb:4261 smb:1368 d:s ref:0 ;
in:1375 out:1376 type:b dur:2 cpbdur:2 q:27.10 aq:23.34 tex:266915 mv:64772 misc:3249 imb:2658 pmb:4145 smb:1357 d:- ref:0 ;
in:1380 out:1377 type:P dur:2 cpbdur:2 q:27.09 aq:23.22 tex:399136 mv:49552 misc:2080 imb:4820 pmb:2965 smb:375 d:s ref:0 ;
in:1378 out:1378 type:B dur:2 cpbdur:2 q:27.10 aq:23.28 tex:295520 mv:65543 misc:3033 imb:2397 pmb:4554 smb:1209 d:t ref:0 ;
in:1377 out:1379 type:b dur:2 cpbdur:2 q:27.10 aq:23.45 tex:270213 mv:64391 misc:3220 imb:2522 pmb:4287 smb:1351 d:s ref:0 ;
in:1379 out:1380 type:b dur:2 cpbdur:2 q:27.10 aq:23.37 tex:273055 mv:65237 misc:3188 imb:2630 pmb:4208 smb:1322 d:- ref:0 ;
in:1384 out:1381 type:P dur:2 cpbdur:2 q:27.09 aq:23.14 tex:408909 mv:49660 misc:2007 imb:5001 pmb:2821 smb:338 d:s ref:0 ;
in:1382 out:1382 type:B dur:2 cpbdur:2 q:27.09 aq:23.29 tex:287977 mv:67131 misc:3076 imb:2335 pmb:4604 smb:1221 d:s ref:0 ;
in:1381 out:1383 type:b dur:2 cpbdur:2 q:27.09 aq:23.30 tex:277646 mv:64606 misc:3308 imb:2737 pmb:4081 smb:1342 d:s ref:0 ;
in:1383 out:1384 type:b dur:2 cpbdur:2 q:27.09 aq:23.45 tex:264630 mv:65324 misc:3254 imb:2571 pmb:4230 smb:1359 d:- ref:0 ;
in:1388 out:1385 type:P dur:2 cpbdur:2 q:27.08 aq:23.25 tex:389538 mv:50476 misc:2186 imb:4886 pmb:2876 smb:398 d:s ref:0 ;
in:1386 out:1386 type:B dur:2 cpbdur:2 q:27.08 aq:23.24 tex:292787 mv:65718 misc:2975 imb:2276 pmb:4666 smb:1218 d:t ref:0 ;
in:1385 out:1387 type:b dur:2 cpbdur:2 q:27.09 aq:23.41 tex:268596 mv:65167 misc:3253 imb:2648 pmb:4165 smb:1347 d:s ref:0 ;
in:1387 out:1388 type:b dur:2 cpbdur:2 q:27.08 aq:23.40 tex:268537 mv:65786 misc:3181 imb:2653 pmb:4179 smb:1328 d:- ref:0 ;
in:1392 out:1389 type:P dur:2 cpbdur:2 q:27.07 aq:23.22 tex:387708 mv:49675 misc:2505 imb:4819 pmb:2793 smb:548 d:s ref:0 ;
in:1390 out:1390 type:B dur:2 cpbdur:2 q:27.08 aq:23.22 tex:295832 mv:65388 misc:2884 imb:2364 pmb:4588 smb:1208 d:s ref:0 ;
in:1389 out:1391 type:b dur:2 cpbdur:2 q:27.08 aq:23.30 tex:278098 mv:64835 misc:3227 imb:2646 pmb:4178 smb:1336 d:s ref:0 ;
in:1391 out:1392 type:b dur:2 cpbdur:2 q:27.08 aq:23.40 tex:265692 mv:65466 misc:3226 imb:2557 pmb:4257 smb:1346 d:- ref:0 ;
in:1396 out:1393 type:P dur:2 cpbdur:2 q:27.07 aq:23.21 tex:391587 mv:49102 misc:2431 imb:4988 pmb:2641 smb:531 d:s ref:0 ;
in:1394 out:1394 type:B dur:2 cpbdur:2 q:27.07 aq:23.39 tex:277971 mv:66229 misc:3120 imb:2281 pmb:4641 smb:1238 d:t ref:0 ;
in:1393 out:1395 type:b dur:2 cpbdur:2 q:27.07 aq:23.33 tex:280167 mv:64548 misc:3157 imb:2719 pmb:4116 smb:1325 d:s ref:0 ;
in:1395 out:1396 type:b dur:2 cpbdur:2 q:27.07 aq:23.36 tex:267924 mv:66583 misc:3077 imb:2560 pmb:4272 smb:1328 d:- ref:0 ;
in:1400 out:1397 type:P dur:2 cpbdur:2 q:27.06 aq:23.24 tex:384599 mv:49721 misc:2544 imb:4881 pmb:2664 smb:615 d:s ref:0 ;
in:1398 out:1398 type:B dur:2 cpbdur:2 q:27.06 aq:23.26 tex:285889 mv:66868 misc:2995 imb:2260 pmb:4673 smb:1227 d:t ref:0 ;
in:1397 out:1399 type:b dur:2 cpbdur:2 q:27.06 aq:23.32 tex:270159 mv:65568 misc:3297 imb:2578 pmb:4225 smb:1357 d:s ref:0 ;
in:1399 out:1400 type:b dur:2 cpbdur:2 q:27.06 aq:23.22 tex:279204 mv:65914 misc:3026 imb:2597 pmb:4247 smb:1316 d:- ref:0 ;
in:1404 out:1401 type:P dur:2 cpbdur:2 q:27.05 aq:23.25 tex:377423 mv:49540 misc:2557 imb:4852 pmb:2608 smb:700 d:s ref:0 ;
in:1402 out:1402 type:B dur:2 cpbdur:2 q:27.05 aq:23.28 tex:288786 mv:66156 misc:2994 imb:2386 pmb:4542 smb:1232 d:s ref:0 ;
in:1401 out:1403 type:b dur:2 cpbdur:2 q:27.06 aq:23.23 tex:282983 mv:64530 misc:3023 imb:2623 pmb:4234 smb:1303 d:s ref:0 ;
in:1403 out:1404 type:b dur:2 cpbdur:2 q:27.05 aq:23.30 tex:268738 mv:64943 misc:3327 imb:2506 pmb:4282 smb:1372 d:- ref:0 ;
in:1408 out:1405 type:P dur:2 cpbdur:2 q:27.04 aq:23.31 tex:377985 mv:49373 misc:2650 imb:4918 pmb:2499 smb:743 d:s ref:0 ;
in:1406 out:1406 type:B dur:2 cpbdur:2 q:27.05 aq:23.17 tex:290936 mv:65600 misc:2936 imb:2298 pmb:4651 smb:1211 d:s ref:0 ;
in:1405 out:1407 type:b dur:2 cpbdur:2 q:27.05 aq:23.22 tex:275120 mv:65323 misc:3125 imb:2658 pmb:4176 smb:1326 d:t ref:0 ;
in:1407 out:1408 type:b dur:2 cpbdur:2 q:27.05 aq:23.25 tex:272419 mv:66286 misc:3063 imb:2499 pmb:4336 smb:1325 d:- ref:0 ;
in:1412 out:1409 type:P dur:2 cpbdur:2 q:27.04 aq:23.32 tex:370218 mv:48919 misc:2719 imb:4880 pmb:2439 smb:841 d:s ref:0 ;
in:1410 out:1410 type:B dur:2 cpbdur:2 q:27.04 aq:23.41 tex:291245 mv:67052 misc:2959 imb:2189 pmb:4785 smb:1186 d:s ref:0 ;
in:1409 out:1411 type:b dur:2 cpbdur:2 q:27.04 aq:23.29 tex:275054 mv:65440 misc:3154 imb:2602 pmb:4245 smb:1313 d:s ref:0 ;
in:1411 out:1412 type:b dur:2 cpbdur:2 q:27.04 aq:23.29 tex:280129 mv:65251 misc:3084 imb:2665 pmb:4183 smb:1312 d:- ref:0 ;
in:1416 out:1413 type:P dur:2 cpbdur:2 q:27.03 aq:23.38 tex:378667 mv:49237 misc:2584 imb:4751 pmb:2539 smb:870 d:s ref:0 ;
in:1414 out:1414 type:B dur:2 cpbdur:2 q:27.04 aq:23.24 tex:293753 mv:66927 misc:2968 imb:2367 pmb:4577 smb:1216 d:s ref:0 ;
in:1413 out:1415 type:b dur:2 cpbdur:2 q:27.04 aq:23.36 tex:272985 mv:64917 misc:3234 imb:2585 pmb:4237 smb:1338 d:s ref:0 ;
in:1415 out:1416 type:b dur:2 cpbdur:2 q:27.03 aq:23.30 tex:271393 mv:66020 misc:3323 imb:2565 pmb:4238 smb:1357 d:- ref:0 ;
in:1420 out:1417 type:P dur:2 cpbdur:2 q:27.03 aq:23.31 tex:377284 mv:48249 misc:2611 imb:4946 pmb:2187 smb:1027 d:s ref:0 ;
in:1418 out:1418 type:B dur:2 cpbdur:2 q:27.03 aq:23.28 tex:286213 mv:66716 misc:2935 imb:2303 pmb:4647 smb:1210 d:t ref:0 ;
in:1417 out:1419 type:b dur:2 cpbdur:2 q:27.03 aq:23.22 tex:285011 mv:64323 misc:3058 imb:2750 pmb:4085 smb:1325 d:s ref:0 ;
in:1419 out:1420 type:b dur:2 cpbdur:2 q:27.03 aq:23.30 tex:279036 mv:66246 misc:3174 imb:2616 pmb:4215 smb:1329 d:- ref:0 ;
in:1424 out:1421 type:P dur:2 cpbdur:2 q:27.02 aq:23.65 tex:326834 mv:48019 misc:2411 imb:4938 pmb:2057 smb:1165 d:s ref:0 ;
in:1422 out:1422 type:B dur:2 cpbdur:2 q:27.03 aq:23.31 tex:290479 mv:66083 misc:2814 imb:2203 pmb:4771 smb:1186 d:t ref:0 ;
in:1421 out:1423 type:b dur:2 cpbdur:2 q:27.03 aq:23.28 tex:275263 mv:65707 misc:3246 imb:2619 pmb:4205 smb:1336 d:s ref:0 ;
in:1423 out:1424 type:b dur:2 cpbdur:2 q:27.02 aq:23.27 tex:273505 mv:64687 misc:3168 imb:2531 pmb:4292 smb:1337 d:- ref:0 ;
in:1425 out:1425 type:P dur:2 cpbdur:2 q:27.01 aq:22.83 tex:458744 mv:32539 misc:717 imb:7330 pmb:822 smb:8 d:s ref:0 w:7,17,5,6,33,63,28,71 ;
in:1426 out:1426 type:P dur:2 cpbdur:2 q:27.01 aq:23.18 tex:478564 mv:47966 misc:742 imb:6463 pmb:1679 smb:18 d:s ref:0 ;
in:1427 out:1427 type:P dur:2 cpbdur:2 q:27.01 aq:23.22 tex:534503 mv:48729 misc:808 imb:6448 pmb:1686 smb:26 d:s ref:0 ;
in:1428 out:1428 type:P dur:2 cpbdur:2 q:27.02 aq:23.27 tex:464705 mv:38982 misc:769 imb:6681 pmb:1457 smb:22 d:s ref:0 w:6,83,-10,6,85,-42,82,-36 ;
in:1429 out:1429 type:P dur:2 cpbdur:2 q:27.03 aq:23.23 tex:476361 mv:40591 misc:808 imb:6366 pmb:1766 smb:28 d:s ref:0 w:6,75,-6,4,19,-24,19,-24 ;
in:1430 out:1430 type:P dur:2 cpbdur:2 q:27.03 aq:23.16 tex:506059 mv:41953 misc:708 imb:6124 pmb:2020 smb:16 d:s ref:0 w:6,71,-4,6,71,-14,72,-16 ;
in:1431 out:1431 type:I dur:2 cpbdur:2 q:24.13 aq:20.27 tex:1123245 mv:178496 misc:515 imb:8160 pmb:0 smb:0 d:s ref:w:6,71,-4,6,71,-14,72,-16 ;
in:1435 out:1432 type:P dur:2 cpbdur:2 q:27.08 aq:22.82 tex:641861 mv:42263 misc:740 imb:6414 pmb:1738 smb:8 d:s ref:0 w:6,75,-5,6,73,-18,71,-14 ;
in:1433 out:1433 type:B dur:2 cpbdur:2 q:27.08 aq:23.36 tex:323396 mv:72749 misc:2735 imb:3530 pmb:4030 smb:600 d:s ref:0 ;
in:1432 out:1434 type:b dur:2 cpbdur:2 q:27.08 aq:23.33 tex:260965 mv:67349 misc:2982 imb:3479 pmb:3516 smb:1165 d:s ref:0 ;
in:1434 out:1435 type:b dur:2 cpbdur:2 q:27.08 aq:23.52 tex:243764 mv:64333 misc:3471 imb:2946 pmb:3916 smb:1298 d:- ref:0 ;
in:1439 out:1436 type:P dur:2 cpbdur:2 q:27.10 aq:22.85 tex:616046 mv:41062 misc:692 imb:5994 pmb:2153 smb:13 d:s ref:0 w:6,67,-2,4,16,0,17,-8 ;
in:1437 out:1437 type:B dur:2 cpbdur:2 q:27.09 aq:23.49 tex:317699 mv:63042 misc:2635 imb:3350 pmb:3866 smb:944 d:s ref:0 ;
in:1436 out:1438 type:b dur:2 cpbdur:2 q:27.08 aq:23.63 tex:268249 mv:63708 misc:3043 imb:3067 pmb:3953 smb:1140 d:s ref:0 ;
in:1438 out:1439 type:b dur:2 cpbdur:2 q:27.09 aq:23.25 tex:231335 mv:63604 misc:3277 imb:3009 pmb:3809 smb:1342 d:- ref:0 ;
in:1443 out:1440 type:P dur:2 cpbdur:2 q:27.11 aq:23.09 tex:571846 mv:41443 misc:679 imb:5627 pmb:2517 smb:16 d:s ref:0 ;
in:1441 out:1441 type:B dur:2 cpbdur:2 q:27.11 aq:23.55 tex:286114 mv:65582 misc:3072 imb:3302 pmb:3875 smb:983 d:s ref:0 ;
in:1440 out:1442 type:b dur:2 cpbdur:2 q:27.10 aq:23.70 tex:251365 mv:62695 misc:3124 imb:2938 pmb:3953 smb:1269 d:s ref:0 ;
in:1442 out:1443 type:b dur:2 cpbdur:2 q:27.11 aq:23.30 tex:250324 mv:62386 misc:2898 imb:3040 pmb:3730 smb:1390 d:- ref:0 ;
in:1447 out:1444 type:P dur:2 cpbdur:2 q:27.14 aq:23.13 tex:564264 mv:43341 misc:715 imb:5486 pmb:2652 smb:22 d:s ref:0 ;
in:1445 out:1445 type:B dur:2 cpbdur:2 q:27.13 aq:23.52 tex:278808 mv:64307 misc:3229 imb:2987 pmb:4104 smb:1069 d:s ref:0 ;
in:1444 out:1446 type:b dur:2 cpbdur:2 q:27.12 aq:23.44 tex:280433 mv:59681 misc:2582 imb:3203 pmb:3606 smb:1351 d:s ref:0 ;
in:1446 out:1447 type:b dur:2 cpbdur:2 q:27.13 aq:23.29 tex:279615 mv:59267 misc:2558 imb:3071 pmb:3659 smb:1430 d:- ref:0 ;
in:1451 out:1448 type:P dur:2 cpbdur:2 q:27.17 aq:23.20 tex:530195 mv:42615 misc:830 imb:5437 pmb:2675 smb:48 d:s ref:0 ;
in:1449 out:1449 type:B dur:2 cpbdur:2 q:27.16 aq:23.67 tex:315811 mv:61799 misc:3054 imb:3305 pmb:3855 smb:1000 d:s ref:0 ;
in:1448 out:1450 type:b dur:2 cpbdur:2 q:27.15 aq:23.56 tex:271305 mv:60545 misc:2670 imb:3144 pmb:3583 smb:1433 d:s ref:0 ;
in:1450 out:1451 type:b dur:2 cpbdur:2 q:27.17 aq:23.41 tex:261507 mv:61237 misc:2704 imb:3184 pmb:3499 smb:1477 d:- ref:0 ;
in:1455 out:1452 type:P dur:2 cpbdur:2 q:27.17 aq:23.28 tex:530017 mv:40155 misc:1340 imb:5518 pmb:2493 smb:149 d:s ref:0 ;
in:1453 out:1453 type:B dur:2 cpbdur:2 q:27.17 aq:23.62 tex:298775 mv:63234 misc:3175 imb:3046 pmb:4018 smb:1096 d:t ref:0 ;
in:1452 out:1454 type:b dur:2 cpbdur:2 q:27.17 aq:23.61 tex:270026 mv:58997 misc:2609 imb:3042 pmb:3654 smb:1464 d:s ref:0 ;
in:1454 out:1455 type:b dur:2 cpbdur:2 q:27.17 aq:23.49 tex:270974 mv:59918 misc:2868 imb:3113 pmb:3569 smb:1478 d:- ref:0 ;
in:1459 out:1456 type:P dur:2 cpbdur:2 q:27.16 aq:23.31 tex:553329 mv:42902 misc:1313 imb:5512 pmb:2485 smb:163 d:s ref:0 ;
in:1457 out:1457 type:B dur:2 cpbdur:2 q:27.16 aq:23.73 tex:304079 mv:64939 misc:3118 imb:2970 pmb:4228 smb:962 d:s ref:0 ;
in:1456 out:1458 type:b dur:2 cpbdur:2 q:27.17 aq:23.80 tex:298617 mv:60426 misc:2773 imb:3073 pmb:3755 smb:1332 d:s ref:0 ;
in:1458 out:1459 type:b dur:2 cpbdur:2 q:27.16 aq:23.87 tex:276301 mv:61990 misc:3013 imb:3064 pmb:3778 smb:1318 d:- ref:0 ;
in:1463 out:1460 type:P dur:2 cpbdur:2 q:27.15 aq:23.25 tex:661873 mv:45107 misc:1204 imb:5542 pmb:2486 smb:132 d:s ref:0 ;
in:1461 out:1461 type:B dur:2 cpbdur:2 q:27.15 aq:23.83 tex:337480 mv:64461 misc:2867 imb:3261 pmb:4085 smb:814 d:s ref:0 ;
in:1460 out:1462 type:b dur:2 cpbdur:2 q:27.16 aq:24.12 tex:282584 mv:62882 misc:2990 imb:3108 pmb:3898 smb:1154 d:s ref:0 ;
in:1462 out:1463 type:b dur:2 cpbdur:2 q:27.15 aq:23.88 tex:298791 mv:62651 misc:3038 imb:3031 pmb:3990 smb:1139 d:- ref:0 ;
in:1467 out:1464 type:P dur:2 cpbdur:2 q:27.15 aq:23.11 tex:703548 mv:43565 misc:1039 imb:5574 pmb:2482 smb:104 d:s ref:0 ;
in:1465 out:1465 type:B dur:2 cpbdur:2 q:27.15 aq:24.04 tex:336952 mv:65939 misc:2877 imb:2990 pmb:4456 smb:714 d:s ref:0 ;
in:1464 out:1466 type:b dur:2 cpbdur:2 q:27.15 aq:23.98 tex:293036 mv:62865 misc:3163 imb:3128 pmb:3942 smb:1090 d:s ref:0 ;
in:1466 out:1467 type:b dur:2 cpbdur:2 q:27.15 aq:23.90 tex:287069 mv:62946 misc:3137 imb:3137 pmb:3835 smb:1188 d:- ref:0 ;
in:1471 out:1468 type:P dur:2 cpbdur:2 q:27.16 aq:23.18 tex:655579 mv:42842 misc:1187 imb:5372 pmb:2647 smb:141 d:s ref:0 ;
in:1469 out:1469 type:B dur:2 cpbdur:2 q:27.16 aq:23.73 tex:307581 mv:64956 misc:3063 imb:3032 pmb:4166 smb:962 d:s ref:0 ;
in:1468 out:1470 type:b dur:2 cpbdur:2 q:27.15 aq:23.87 tex:285886 mv:60720 misc:3242 imb:3104 pmb:3768 smb:1288 d:s ref:0 ;
in:1470 out:1471 type:b dur:2 cpbdur:2 q:27.16 aq:23.61 tex:275638 mv:59224 misc:2946 imb:3257 pmb:3429 smb:1474 d:- ref:0 ;
in:1475 out:1472 type:P dur:2 cpbdur:2 q:27.18 aq:23.03 tex:568389 mv:41040 misc:1307 imb:5247 pmb:2729 smb:184 d:s ref:0 ;
in:1473 out:1473 type:B dur:2 cpbdur:2 q:27.17 aq:23.73 tex:313738 mv:62475 misc:3259 imb:3108 pmb:3919 smb:1133 d:s ref:0 ;
in:1472 out:1474 type:b dur:2 cpbdur:2 q:27.17 aq:23.63 tex:279821 mv:58696 misc:3139 imb:3145 pmb:3411 smb:1604 d:s ref:0 ;
in:1474 out:1475 type:b dur:2 cpbdur:2 q:27.17 aq:23.56 tex:257756 mv:58947 misc:3089 imb:3023 pmb:3480 smb:1657 d:- ref:0 ;
in:1479 out:1476 type:P dur:2 cpbdur:2 q:27.19 aq:23.12 tex:581311 mv:40621 misc:1324 imb:5262 pmb:2704 smb:194 d:s ref:0 ;
in:1477 out:1477 type:B dur:2 cpbdur:2 q:27.18 aq:23.67 tex:302851 mv:61256 misc:3205 imb:2801 pmb:4068 smb:1291 d:s ref:0 ;
in:1476 out:1478 type:b dur:2 cpbdur:2 q:27.18 aq:23.37 tex:270469 mv:56723 misc:2928 imb:3193 pmb:3240 smb:1727 d:s ref:0 ;
in:1478 out:1479 type:b dur:2 cpbdur:2 q:27.19 aq:23.53 tex:259217 mv:58096 misc:2951 imb:3086 pmb:3335 smb:1739 d:- ref:0 ;
in:1483 out:1480 type:P dur:2 cpbdur:2 q:27.20 aq:23.14 tex:563243 mv:41069 misc:1392 imb:5142 pmb:2803 smb:215 d:s ref:0 ;
in:1481 out:1481 type:B dur:2 cpbdur:2 q:27.20 aq:23.79 tex:275509 mv:60842 misc:3593 imb:2864 pmb:3914 smb:1382 d:s ref:0 ;
in:1480 out:1482 type:b dur:2 cpbdur:2 q:27.19 aq:23.46 tex:270627 mv:56060 misc:2905 imb:3105 pmb:3287 smb:1768 d:s ref:0 ;
in:1482 out:1483 type:b dur:2 cpbdur:2 q:27.20 aq:23.54 tex:254358 mv:56917 misc:3029 imb:3063 pmb:3312 smb:1785 d:- ref:0 ;
in:1487 out:1484 type:P dur:2 cpbdur:2 q:27.21 aq:23.16 tex:520368 mv:40385 misc:1447 imb:5098 pmb:2827 smb:235 d:s ref:0 ;
in:1485 out:1485 type:B dur:2 cpbdur:2 q:27.21 aq:23.67 tex:283146 mv:57976 misc:3310 imb:3065 pmb:3573 smb:1522 d:s ref:0 ;
in:1484 out:1486 type:b dur:2 cpbdur:2 q:27.21 aq:23.68 tex:242906 mv:56431 misc:3239 imb:3050 pmb:3231 smb:1879 d:s ref:0 ;
in:1486 out:1487 type:b dur:2 cpbdur:2 q:27.21 aq:23.44 tex:259458 mv:55610 misc:3156 imb:3067 pmb:3239 smb:1854 d:- ref:0 ;
in:1491 out:1488 type:P dur:2 cpbdur:2 q:27.22 aq:23.11 tex:512723 mv:37956 misc:1449 imb:5163 pmb:2753 smb:244 d:s ref:0 ;
in:1489 out:1489 type:B dur:2 cpbdur:2 q:27.22 aq:23.68 tex:273968 mv:58100 misc:3436 imb:2778 pmb:3812 smb:1570 d:s ref:0 ;
in:1488 out:1490 type:b dur:2 cpbdur:2 q:27.21 aq:23.32 tex:258709 mv:55407 misc:3116 imb:3119 pmb:3142 smb:1899 d:s ref:0 ;
in:1490 out:1491 type:b dur:2 cpbdur:2 q:27.22 aq:23.41 tex:254366 mv:55039 misc:3043 imb:2945 pmb:3344 smb:1871 d:- ref:0 ;
in:1495 out:1492 type:P dur:2 cpbdur:2 q:27.22 aq:23.29 tex:550878 mv:38497 misc:1169 imb:5011 pmb:2998 smb:151 d:s ref:0 ;
in:1493 out:1493 type:B dur:2 cpbdur:2 q:27.22 aq:23.74 tex:266986 mv:58911 misc:3399 imb:2735 pmb:3794 smb:1631 d:s ref:0 ;
in:1492 out:1494 type:b dur:2 cpbdur:2 q:27.22 aq:23.60 tex:252934 mv:55195 misc:3199 imb:3097 pmb:3185 smb:1878 d:s ref:0 ;
in:1494 out:1495 type:b dur:2 cpbdur:2 q:27.22 aq:23.55 tex:276671 mv:56793 misc:3256 imb:3084 pmb:3258 smb:1818 d:- ref:0 ;
in:1499 out:1496 type:P dur:2 cpbdur:2 q:27.22 aq:23.23 tex:475099 mv:40369 misc:1540 imb:5063 pmb:2862 smb:235 d:s ref:0 ;
in:1497 out:1497 type:B dur:2 cpbdur:2 q:27.22 aq:23.62 tex:287122 mv:57035 misc:3331 imb:2944 pmb:3564 smb:1652 d:s ref:0 ;
in:1496 out:1498 type:b dur:2 cpbdur:2 q:27.22 aq:23.51 tex:247644 mv:56886 misc:3062 imb:3079 pmb:3173 smb:1908 d:s ref:0 ;
in:1498 out:1499 type:b dur:2 cpbdur:2 q:27.22 aq:23.60 tex:250186 mv:57458 misc:3348 imb:2990 pmb:3275 smb:1895 d:- ref:0 ;
in:1503 out:1500 type:P dur:2 cpbdur:2 q:27.22 aq:23.15 tex:569936 mv:40299 misc:1141 imb:5071 pmb:2939 smb:150 d:s ref:0 ;
in:1501 out:1501 type:B dur:2 cpbdur:2 q:27.22 aq:23.80 tex:291028 mv:59979 misc:3377 imb:2595 pmb:4034 smb:1531 d:s ref:0 ;
in:1500 out:1502 type:b dur:2 cpbdur:2 q:27.22 aq:23.89 tex:266210 mv:57089 misc:3429 imb:3093 pmb:3373 smb:1694 d:s ref:0 ;
in:1502 out:1503 type:b dur:2 cpbdur:2 q:27.22 aq:23.60 tex:241272 mv:55178 misc:3302 imb:3001 pmb:3216 smb:1943 d:- ref:0 ;
in:1507 out:1504 type:P dur:2 cpbdur:2 q:27.22 aq:23.15 tex:514811 mv:39314 misc:1675 imb:4940 pmb:2954 smb:266 d:s ref:0 ;
in:1505 out:1505 type:B dur:2 cpbdur:2 q:27.22 aq:23.76 tex:264984 mv:60318 misc:3666 imb:2725 pmb:3860 smb:1575 d:t ref:0 ;
in:1504 out:1506 type:b dur:2 cpbdur:2 q:27.22 aq:23.73 tex:263574 mv:54789 misc:3285 imb:2967 pmb:3293 smb:1900 d:s ref:0 ;
in:1506 out:1507 type:b dur:2 cpbdur:2 q:27.22 aq:23.55 tex:271983 mv:54437 misc:3084 imb:2997 pmb:3211 smb:1952 d:- ref:0 ;
in:1511 out:1508 type:P dur:2 cpbdur:2 q:27.21 aq:23.18 tex:476059 mv:38678 misc:1591 imb:4968 pmb:2915 smb:277 d:s ref:0 ;
in:1509 out:1509 type:B dur:2 cpbdur:2 q:27.22 aq:23.83 tex:272146 mv:58157 misc:3641 imb:2921 pmb:3655 smb:1584 d:s ref:0 ;
in:1508 out:1510 type:b dur:2 cpbdur:2 q:27.22 aq:23.65 tex:260712 mv:54898 misc:3494 imb:2976 pmb:3263 smb:1921 d:s ref:0 ;
in:1510 out:1511 type:b dur:2 cpbdur:2 q:27.22 aq:23.53 tex:248539 mv:55501 misc:3352 imb:2885 pmb:3324 smb:1951 d:- ref:0 ;
in:1515 out:1512 type:P dur:2 cpbdur:2 q:27.21 aq:23.13 tex:497800 mv:38549 misc:1699 imb:5014 pmb:2863 smb:283 d:s ref:0 ;
in:1513 out:1513 type:B dur:2 cpbdur:2 q:27.21 aq:23.79 tex:276869 mv:58715 misc:3592 imb:2617 pmb:3954 smb:1589 d:s ref:0 ;
in:1512 out:1514 type:b dur:2 cpbdur:2 q:27.21 aq:23.67 tex:259847 mv:55535 misc:3314 imb:2954 pmb:3313 smb:1893 d:s ref:0 ;
in:1514 out:1515 type:b dur:2 cpbdur:2 q:27.21 aq:23.56 tex:253659 mv:55268 misc:3249 imb:2916 pmb:3315 smb:1929 d:- ref:0 ;
in:1519 out:1516 type:P dur:2 cpbdur:2 q:27.20 aq:23.13 tex:493827 mv:39494 misc:1735 imb:4943 pmb:2914 smb:303 d:s ref:0 ;
in:1517 out:1517 type:B dur:2 cpbdur:2 q:27.21 aq:23.73 tex:264061 mv:59719 misc:3628 imb:2721 pmb:3851 smb:1588 d:t ref:0 ;
in:1516 out:1518 type:b dur:2 cpbdur:2 q:27.21 aq:23.67 tex:276390 mv:55444 misc:3454 imb:3019 pmb:3294 smb:1847 d:s ref:0 ;
in:1518 out:1519 type:b dur:2 cpbdur:2 q:27.21 aq:23.72 tex:268665 mv:56035 misc:3156 imb:2911 pmb:3316 smb:1933 d:- ref:0 ;
in:1523 out:1520 type:P dur:2 cpbdur:2 q:27.20 aq:23.07 tex:488300 mv:40414 misc:1654 imb:4969 pmb:2893 smb:298 d:s ref:0 ;
in:1521 out:1521 type:B dur:2 cpbdur:2 q:27.20 aq:23.67 tex:285152 mv:58416 misc:3560 imb:2963 pmb:3624 smb:1573 d:t ref:0 ;
in:1520 out:1522 type:b dur:2 cpbdur:2 q:27.20 aq:23.77 tex:258517 mv:56298 misc:3425 imb:2863 pmb:3417 smb:1880 d:s ref:0 ;
in:1522 out:1523 type:b dur:2 cpbdur:2 q:27.20 aq:23.62 tex:252531 mv:54398 misc:3367 imb:2978 pmb:3225 smb:1957 d:- ref:0 ;
in:1527 out:1524 type:P dur:2 cpbdur:2 q:27.19 aq:23.08 tex:494672 mv:38587 misc:1701 imb:5031 pmb:2821 smb:308 d:s ref:0 ;
in:1525 out:1525 type:B dur:2 cpbdur:2 q:27.20 aq:23.75 tex:279856 mv:59430 misc:3666 imb:2679 pmb:3902 smb:1579 d:s ref:0 ;
in:1524 out:1526 type:b dur:2 cpbdur:2 q:27.20 aq:23.80 tex:256814 mv:55492 misc:3398 imb:2973 pmb:3269 smb:1918 d:s ref:0 ;
in:1526 out:1527 type:b dur:2 cpbdur:2 q:27.20 aq:23.62 tex:247080 mv:55614 misc:3394 imb:2929 pmb:3240 smb:1991 d:- ref:0 ;
in:1531 out:1528 type:P dur:2 cpbdur:2 q:27.19 aq:23.15 tex:526505 mv:39308 misc:1499 imb:4971 pmb:2960 smb:229 d:s ref:0 ;
in:1529 out:1529 type:B dur:2 cpbdur:2 q:27.19 aq:23.71 tex:272125 mv:59545 misc:3610 imb:2726 pmb:3881 smb:1553 d:s ref:0 ;
in:1528 out:1530 type:b dur:2 cpbdur:2 q:27.19 aq:23.70 tex:266384 mv:54068 misc:3332 imb:3021 pmb:3204 smb:1935 d:s ref:0 ;
in:1530 out:1531 type:b dur:2 cpbdur:2 q:27.19 aq:24.07 tex:274340 mv:54257 misc:3363 imb:2679 pmb:3628 smb:1853 d:- ref:0 ;
in:1535 out:1532 type:P dur:2 cpbdur:2 q:27.19 aq:23.16 tex:480932 mv:39901 misc:1639 imb:4907 pmb:2974 smb:279 d:s ref:0 ;
in:1533 out:1533 type:B dur:2 cpbdur:2 q:27.19 aq:23.68 tex:281235 mv:56543 misc:3486 imb:2890 pmb:3607 smb:1663 d:t ref:0 ;
in:1532 out:1534 type:b dur:2 cpbdur:2 q:27.19 aq:23.65 tex:251563 mv:54798 misc:3239 imb:3014 pmb:3152 smb:1994 d:s ref:0 ;
in:1534 out:1535 type:b dur:2 cpbdur:2 q:27.19 aq:23.60 tex:250157 mv:54882 misc:3257 imb:2905 pmb:3267 smb:1988 d:- ref:0 ;
in:1539 out:1536 type:P dur:2 cpbdur:2 q:27.18 aq:23.26 tex:489455 mv:40021 misc:1740 imb:4999 pmb:2845 smb:316 d:s ref:0 ;
in:1537 out:1537 type:B dur:2 cpbdur:2 q:27.19 aq:23.65 tex:274323 mv:56883 misc:3626 imb:2598 pmb:3817 smb:1745 d:t ref:0 ;
in:1536 out:1538 type:b dur:2 cpbdur:2 q:27.19 aq:23.34 tex:262757 mv:54314 misc:2977 imb:2987 pmb:3167 smb:2006 d:s ref:0 ;
in:1538 out:1539 type:b dur:2 cpbdur:2 q:27.19 aq:23.51 tex:265926 mv:54578 misc:3360 imb:2941 pmb:3276 smb:1943 d:- ref:0 ;
in:1543 out:1540 type:P dur:2 cpbdur:2 q:27.18 aq:23.21 tex:489198 mv:38425 misc:1905 imb:4917 pmb:2886 smb:357 d:s ref:0 ;
in:1541 out:1541 type:B dur:2 cpbdur:2 q:27.18 aq:23.57 tex:259711 mv:57558 misc:3587 imb:2671 pmb:3703 smb:1786 d:s ref:0 ;
in:1540 out:1542 type:b dur:2 cpbdur:2 q:27.18 aq:23.49 tex:249353 mv:53222 misc:3273 imb:2936 pmb:3191 smb:2033 d:s ref:0 ;
in:1542 out:1543 type:b dur:2 cpbdur:2 q:27.18 aq:23.47 tex:260814 mv:53934 misc:3132 imb:2977 pmb:3190 smb:1993 d:- ref:0 ;
in:1547 out:1544 type:P dur:2 cpbdur:2 q:27.18 aq:23.12 tex:424964 mv:37901 misc:2135 imb:4903 pmb:2833 smb:424 d:s ref:0 ;
in:1545 out:1545 type:B dur:2 cpbdur:2 q:27.18 aq:23.63 tex:264968 mv:55019 misc:3549 imb:2834 pmb:3501 smb:1825 d:s ref:0 ;
in:1544 out:1546 type:b dur:2 cpbdur:2 q:27.18 aq:23.39 tex:254219 mv:53645 misc:3176 imb:2947 pmb:3215 smb:1998 d:s ref:0 ;
in:1546 out:1547 type:b dur:2 cpbdur:2 q:27.18 aq:23.49 tex:256319 mv:54164 misc:3117 imb:2925 pmb:3243 smb:1992 d:- ref:0 ;
in:1551 out:1548 type:P dur:2 cpbdur:2 q:27.17 aq:23.22 tex:448261 mv:39017 misc:1986 imb:4957 pmb:2812 smb:391 d:s ref:0 ;
in:1549 out:1549 type:B dur:2 cpbdur:2 q:27.17 aq:23.51 tex:275784 mv:57506 misc:3478 imb:2617 pmb:3795 smb:1748 d:s ref:0 ;
in:1548 out:1550 type:b dur:2 cpbdur:2 q:27.17 aq:23.34 tex:273080 mv:53821 misc:2963 imb:2936 pmb:3216 smb:2008 d:s ref:0 ;
in:1550 out:1551 type:b dur:2 cpbdur:2 q:27.17 aq:23.48 tex:259012 mv:55714 misc:3154 imb:2915 pmb:3278 smb:1967 d:- ref:0 ;
in:1555 out:1552 type:P dur:2 cpbdur:2 q:27.16 aq:23.26 tex:450713 mv:38486 misc:2137 imb:4989 pmb:2720 smb:451 d:s ref:0 ;
in:1553 out:1553 type:B dur:2 cpbdur:2 q:27.17 aq:23.61 tex:267725 mv:58802 misc:3745 imb:2677 pmb:3838 smb:1645 d:s ref:0 ;
in:1552 out:1554 type:b dur:2 cpbdur:2 q:27.17 aq:23.47 tex:253044 mv:53796 misc:3296 imb:2977 pmb:3168 smb:2015 d:s ref:0 ;
in:1554 out:1555 type:b dur:2 cpbdur:2 q:27.16 aq:23.56 tex:264519 mv:54567 misc:3098 imb:2922 pmb:3311 smb:1927 d:- ref:0 ;
in:1559 out:1556 type:P dur:2 cpbdur:2 q:27.16 aq:23.34 tex:432221 mv:38796 misc:2111 imb:4918 pmb:2790 smb:452 d:s ref:0 ;
in:1557 out:1557 type:B dur:2 cpbdur:2 q:27.16 aq:23.81 tex:271581 mv:57353 misc:3682 imb:2907 pmb:3629 smb:1624 d:t ref:0 ;
in:1556 out:1558 type:b dur:2 cpbdur:2 q:27.16 aq:23.42 tex:256969 mv:54868 misc:3147 imb:2896 pmb:3264 smb:2000 d:s ref:0 ;
in:1558 out:1559 type:b dur:2 cpbdur:2 q:27.16 aq:23.59 tex:263813 mv:55017 misc:3282 imb:2966 pmb:3274 smb:1920 d:- ref:0 ;
in:1563 out:1560 type:P dur:2 cpbdur:2 q:27.15 aq:23.45 tex:421529 mv:37986 misc:2277 imb:5029 pmb:2586 smb:545 d:s ref:0 ;
in:1561 out:1561 type:B dur:2 cpbdur:2 q:27.15 aq:23.71 tex:282639 mv:59817 misc:3664 imb:2622 pmb:4050 smb:1488 d:s ref:0 ;
in:1560 out:1562 type:b dur:2 cpbdur:2 q:27.15 aq:24.04 tex:286280 mv:55008 misc:3432 imb:2663 pmb:3721 smb:1776 d:s ref:0 ;
in:1562 out:1563 type:b dur:2 cpbdur:2 q:27.15 aq:23.72 tex:251846 mv:55224 misc:3482 imb:2930 pmb:3286 smb:1944 d:- ref:0 ;
in:1567 out:1564 type:P dur:2 cpbdur:2 q:27.14 aq:23.51 tex:411153 mv:38431 misc:2456 imb:4938 pmb:2547 smb:675 d:s ref:0 ;
in:1565 out:1565 type:B dur:2 cpbdur:2 q:27.14 aq:23.72 tex:273366 mv:61240 misc:3658 imb:2690 pmb:3956 smb:1514 d:t ref:0 ;
in:1564 out:1566 type:b dur:2 cpbdur:2 q:27.15 aq:23.75 tex:269532 mv:55537 misc:3491 imb:2973 pmb:3347 smb:1840 d:s ref:0 ;
in:1566 out:1567 type:b dur:2 cpbdur:2 q:27.14 aq:23.50 tex:266316 mv:55346 misc:3194 imb:2883 pmb:3338 smb:1939 d:- ref:0 ;
in:1571 out:1568 type:P dur:2 cpbdur:2 q:27.13 aq:23.70 tex:363096 mv:37861 misc:3035 imb:4920 pmb:2305 smb:935 d:s ref:0 ;
in:1569 out:1569 type:B dur:2 cpbdur:2 q:27.13 aq:23.75 tex:282022 mv:59303 misc:3579 imb:2863 pmb:3779 smb:1518 d:t ref:0 ;
in:1568 out:1570 type:b dur:2 cpbdur:2 q:27.14 aq:23.77 tex:261209 mv:57031 misc:3520 imb:2895 pmb:3461 smb:1804 d:s ref:0 ;
in:1570 out:1571 type:b dur:2 cpbdur:2 q:27.13 aq:23.70 tex:255255 mv:56957 misc:3364 imb:2939 pmb:3380 smb:1841 d:- ref:0 ;
in:1574 out:1572 type:P dur:2 cpbdur:2 q:27.11 aq:23.85 tex:321735 mv:35196 misc:3221 imb:5034 pmb:1567 smb:1559 d:s ref:0 ;
in:1572 out:1573 type:B dur:2 cpbdur:2 q:27.12 aq:23.80 tex:283657 mv:57096 misc:3663 imb:2986 pmb:3616 smb:1558 d:s ref:0 ;
in:1573 out:1574 type:b dur:2 cpbdur:2 q:27.12 aq:23.60 tex:263230 mv:55259 misc:3551 imb:2799 pmb:3520 smb:1841 d:- ref:0 ;
in:1575 out:1575 type:I dur:2 cpbdur:2 q:24.24 aq:20.39 tex:674222 mv:375107 misc:415 imb:8160 pmb:0 smb:0 d:s ref:;
in:1579 out:1576 type:P dur:2 cpbdur:2 q:27.13 aq:23.10 tex:470821 mv:60057 misc:770 imb:1099 pmb:7049 smb:12 d:s ref:0 ;
in:1577 out:1577 type:B dur:2 cpbdur:2 q:27.13 aq:24.24 tex:242419 mv:52226 misc:3187 imb:169 pmb:7513 smb:478 d:s ref:0 ;
in:1576 out:1578 type:b dur:2 cpbdur:2 q:27.13 aq:25.02 tex:162206 mv:51627 misc:5447 imb:146 pmb:6759 smb:1255 d:s ref:0 ;
in:1578 out:1579 type:b dur:2 cpbdur:2 q:27.13 aq:24.99 tex:146230 mv:40935 misc:6203 imb:102 pmb:6452 smb:1606 d:- ref:0 ;
in:1583 out:1580 type:P dur:2 cpbdur:2 q:27.14 aq:23.16 tex:407214 mv:56857 misc:985 imb:541 pmb:7580 smb:39 d:s ref:0 ;
in:1581 out:1581 type:B dur:2 cpbdur:2 q:27.14 aq:24.15 tex:148725 mv:42031 misc:6068 imb:74 pmb:6545 smb:1541 d:s ref:0 ;
in:1580 out:1582 type:b dur:2 cpbdur:2 q:27.14 aq:25.01 tex:155655 mv:41313 misc:5776 imb:109 pmb:6626 smb:1425 d:s ref:0 ;
in:1582 out:1583 type:b dur:2 cpbdur:2 q:27.14 aq:25.07 tex:141290 mv:40472 misc:6422 imb:99 pmb:6316 smb:1745 d:- ref:0 ;
in:1587 out:1584 type:P dur:2 cpbdur:2 q:27.14 aq:23.16 tex:387680 mv:57258 misc:1510 imb:523 pmb:7507 smb:130 d:s ref:0 ;
in:1585 out:1585 type:B dur:2 cpbdur:2 q:27.14 aq:24.34 tex:176188 mv:40905 misc:5523 imb:80 pmb:6818 smb:1262 d:s ref:0 ;
in:1584 out:1586 type:b dur:2 cpbdur:2 q:27.14 aq:25.10 tex:140108 mv:39470 misc:6350 imb:114 pmb:6357 smb:1689 d:s ref:0 ;
in:1586 out:1587 type:b dur:2 cpbdur:2 q:27.14 aq:25.12 tex:143405 mv:38729 misc:6354 imb:98 pmb:6371 smb:1691 d:- ref:0 ;
in:1591 out:1588 type:P dur:2 cpbdur:2 q:27.15 aq:22.99 tex:476498 mv:57183 misc:1655 imb:1027 pmb:6984 smb:149 d:s ref:0 ;
in:1589 out:1589 type:B dur:2 cpbdur:2 q:27.14 aq:24.79 tex:260058 mv:43222 misc:3280 imb:136 pmb:7497 smb:527 d:s ref:0 ;
in:1588 out:1590 type:b dur:2 cpbdur:2 q:27.14 aq:25.25 tex:153696 mv:41065 misc:6207 imb:130 pmb:6382 smb:1648 d:s ref:0 ;
in:1590 out:1591 type:b dur:2 cpbdur:2 q:27.15 aq:25.07 tex:94193 mv:34245 misc:7802 imb:86 pmb:5119 smb:2955 d:- ref:0 ;
in:1595 out:1592 type:P dur:2 cpbdur:2 q:27.17 aq:23.47 tex:625731 mv:56016 misc:1141 imb:1358 pmb:6726 smb:76 d:s ref:0 ;
in:1593 out:1593 type:B dur:2 cpbdur:2 q:27.16 aq:24.50 tex:250404 mv:52927 misc:5053 imb:446 pmb:6565 smb:1149 d:s ref:0 ;
in:1592 out:1594 type:b dur:2 cpbdur:2 q:27.15 aq:25.23 tex:115847 mv:37677 misc:7892 imb:206 pmb:4800 smb:3154 d:s ref:0 ;
in:1594 out:1595 type:b dur:2 cpbdur:2 q:27.16 aq:25.12 tex:104240 mv:38455 misc:7817 imb:204 pmb:4974 smb:2982 d:- ref:0 ;
in:1599 out:1596 type:P dur:2 cpbdur:2 q:27.14 aq:23.11 tex:563510 mv:58771 misc:1423 imb:914 pmb:7126 smb:120 d:s ref:0 ;
in:1597 out:1597 type:B dur:2 cpbdur:2 q:27.15 aq:24.49 tex:237501 mv:46208 misc:4139 imb:217 pmb:7079 smb:864 d:s ref:0 ;
in:1596 out:1598 type:b dur:2 cpbdur:2 q:27.16 aq:25.07 tex:96544 mv:34658 misc:7934 imb:131 pmb:4828 smb:3201 d:s ref:0 ;
in:1598 out:1599 type:b dur:2 cpbdur:2 q:27.15 aq:25.17 tex:122565 mv:34942 misc:7485 imb:116 pmb:5369 smb:2675 d:- ref:0 ;
in:1603 out:1600 type:P dur:2 cpbdur:2 q:27.10 aq:23.17 tex:532249 mv:55269 misc:1338 imb:646 pmb:7417 smb:97 d:s ref:0 ;
in:1601 out:1601 type:B dur:2 cpbdur:2 q:27.12 aq:24.65 tex:214497 mv:44734 misc:4689 imb:124 pmb:6947 smb:1089 d:s ref:0 ;
in:1600 out:1602 type:b dur:2 cpbdur:2 q:27.13 aq:25.08 tex:116982 mv:33801 misc:7545 imb:102 pmb:5246 smb:2812 d:s ref:0 ;
in:1602 out:1603 type:b dur:2 cpbdur:2 q:27.11 aq:25.08 tex:131670 mv:33968 misc:7226 imb:124 pmb:5464 smb:2572 d:- ref:0 ;
in:1607 out:1604 type:P dur:2 cpbdur:2 q:27.05 aq:23.41 tex:496240 mv:52828 misc:1572 imb:501 pmb:7502 smb:157 d:s ref:0 ;
in:1605 out:1605 type:B dur:2 cpbdur:2 q:27.07 aq:24.48 tex:198049 mv:41575 misc:4872 imb:83 pmb:6860 smb:1217 d:s ref:0 ;
in:1604 out:1606 type:b dur:2 cpbdur:2 q:27.09 aq:25.02 tex:135681 mv:33072 misc:7207 imb:118 pmb:5408 smb:2634 d:s ref:0 ;
in:1606 out:1607 type:b dur:2 cpbdur:2 q:27.06 aq:24.98 tex:133684 mv:33350 misc:7038 imb:139 pmb:5432 smb:2589 d:- ref:0 ;
in:1611 out:1608 type:P dur:2 cpbdur:2 q:26.99 aq:23.25 tex:777309 mv:55528 misc:1499 imb:1382 pmb:6624 smb:154 d:s ref:0 ;
in:1609 out:1609 type:B dur:2 cpbdur:2 q:27.02 aq:24.51 tex:317307 mv:50399 misc:4334 imb:797 pmb:6097 smb:1266 d:s ref:0 ;
in:1608 out:1610 type:b dur:2 cpbdur:2 q:27.03 aq:24.95 tex:148827 mv:34512 misc:6621 imb:175 pmb:5550 smb:2435 d:s ref:0 ;
in:1610 out:1611 type:b dur:2 cpbdur:2 q:27.01 aq:25.18 tex:168733 mv:39379 misc:6504 imb:233 pmb:5469 smb:2458 d:- ref:0 ;
in:1615 out:1612 type:P dur:2 cpbdur:2 q:26.96 aq:23.06 tex:858751 mv:56589 misc:1556 imb:1340 pmb:6645 smb:175 d:s ref:0 ;
in:1613 out:1613 type:B dur:2 cpbdur:2 q:26.98 aq:24.65 tex:226016 mv:40959 misc:4633 imb:175 pmb:6533 smb:1452 d:s ref:0 ;
in:1612 out:1614 type:b dur:2 cpbdur:2 q:26.98 aq:25.28 tex:146204 mv:37229 misc:6631 imb:192 pmb:5378 smb:2590 d:s ref:0 ;
in:1614 out:1615 type:b dur:2 cpbdur:2 q:26.97 aq:25.17 tex:128384 mv:33930 misc:7174 imb:155 pmb:5009 smb:2996 d:- ref:0 ;
in:1619 out:1616 type:P dur:2 cpbdur:2 q:26.93 aq:23.10 tex:647063 mv:49609 misc:1216 imb:984 pmb:7076 smb:100 d:s ref:0 ;
in:1617 out:1617 type:B dur:2 cpbdur:2 q:26.95 aq:24.56 tex:194541 mv:41380 misc:5151 imb:141 pmb:6354 smb:1665 d:s ref:0 ;
in:1616 out:1618 type:b dur:2 cpbdur:2 q:26.95 aq:25.07 tex:127157 mv:32960 misc:7067 imb:121 pmb:5051 smb:2988 d:s ref:0 ;
in:1618 out:1619 type:b dur:2 cpbdur:2 q:26.94 aq:25.23 tex:168075 mv:38131 misc:5898 imb:444 pmb:5418 smb:2298 d:- ref:0 ;
in:1623 out:1620 type:P dur:2 cpbdur:2 q:26.91 aq:22.92 tex:524491 mv:49811 misc:1698 imb:776 pmb:7187 smb:197 d:s ref:0 ;
in:1621 out:1621 type:B dur:2 cpbdur:2 q:26.92 aq:24.48 tex:187527 mv:42197 misc:5540 imb:337 pmb:5908 smb:1915 d:s ref:0 ;
in:1620 out:1622 type:b dur:2 cpbdur:2 q:26.93 aq:24.91 tex:132528 mv:33690 misc:6846 imb:296 pmb:4817 smb:3047 d:s ref:0 ;
in:1622 out:1623 type:b dur:2 cpbdur:2 q:26.91 aq:24.85 tex:128448 mv:33548 misc:6892 imb:275 pmb:4822 smb:3063 d:- ref:0 ;
in:1627 out:1624 type:P dur:2 cpbdur:2 q:26.89 aq:22.89 tex:487007 mv:48200 misc:1769 imb:712 pmb:7216 smb:232 d:s ref:0 ;
in:1625 out:1625 type:B dur:2 cpbdur:2 q:26.90 aq:24.43 tex:186520 mv:41014 misc:5330 imb:239 pmb:5960 smb:1961 d:s ref:0 ;
in:1624 out:1626 type:b dur:2 cpbdur:2 q:26.90 aq:24.95 tex:131849 mv:33771 misc:6812 imb:301 pmb:4842 smb:3017 d:s ref:0 ;
in:1626 out:1627 type:b dur:2 cpbdur:2 q:26.90 aq:24.79 tex:129337 mv:31951 misc:6984 imb:285 pmb:4639 smb:3236 d:- ref:0 ;
in:1631 out:1628 type:P dur:2 cpbdur:2 q:26.88 aq:22.99 tex:462258 mv:45806 misc:2152 imb:720 pmb:7105 smb:335 d:s ref:0 ;
in:1629 out:1629 type:B dur:2 cpbdur:2 q:26.89 aq:24.31 tex:170331 mv:38126 misc:5655 imb:239 pmb:5764 smb:2157 d:s ref:0 ;
in:1628 out:1630 type:b dur:2 cpbdur:2 q:26.89 aq:24.76 tex:128634 mv:31638 misc:6952 imb:248 pmb:4666 smb:3246 d:s ref:0 ;
in:1630 out:1631 type:b dur:2 cpbdur:2 q:26.88 aq:24.93 tex:136169 mv:33088 misc:6839 imb:289 pmb:4721 smb:3150 d:- ref:0 ;
in:1635 out:1632 type:P dur:2 cpbdur:2 q:26.86 aq:22.93 tex:475563 mv:47534 misc:2303 imb:797 pmb:6987 smb:376 d:s ref:0 ;
in:1633 out:1633 type:B dur:2 cpbdur:2 q:26.87 aq:24.42 tex:178727 mv:38410 misc:5551 imb:318 pmb:5706 smb:2136 d:s ref:0 ;
in:1632 out:1634 type:b dur:2 cpbdur:2 q:26.88 aq:24.89 tex:143998 mv:33154 misc:6808 imb:365 pmb:4687 smb:3108 d:s ref:0 ;
in:1634 out:1635 type:b dur:2 cpbdur:2 q:26.87 aq:24.95 tex:131102 mv:32621 misc:6853 imb:295 pmb:4667 smb:3198 d:- ref:0 ;
in:1639 out:1636 type:P dur:2 cpbdur:2 q:26.84 aq:22.83 tex:468773 mv:47172 misc:2263 imb:711 pmb:7081 smb:368 d:s ref:0 ;
in:1637 out:1637 type:B dur:2 cpbdur:2 q:26.85 aq:24.40 tex:174746 mv:39531 misc:5587 imb:264 pmb:5724 smb:2172 d:s ref:0 ;
in:1636 out:1638 type:b dur:2 cpbdur:2 q:26.86 aq:24.91 tex:132491 mv:33547 misc:6818 imb:346 pmb:4610 smb:3204 d:s ref:0 ;
in:1638 out:1639 type:b dur:2 cpbdur:2 q:26.85 aq:24.79 tex:128423 mv:30466 misc:6855 imb:272 pmb:4576 smb:3312 d:- ref:0 ;
in:1643 out:1640 type:P dur:2 cpbdur:2 q:26.82 aq:22.82 tex:442040 mv:45040 misc:2400 imb:643 pmb:7086 smb:431 d:s ref:0 ;
in:1641 out:1641 type:B dur:2 cpbdur:2 q:26.83 aq:24.28 tex:172382 mv:37937 misc:5665 imb:237 pmb:5712 smb:2211 d:s ref:0 ;
in:1640 out:1642 type:b dur:2 cpbdur:2 q:26.84 aq:24.79 tex:129519 mv:30639 misc:6858 imb:253 pmb:4571 smb:3336 d:s ref:0 ;
in:1642 out:1643 type:b dur:2 cpbdur:2 q:26.82 aq:24.78 tex:128293 mv:31911 misc:7004 imb:287 pmb:4541 smb:3332 d:- ref:0 ;
in:1647 out:1644 type:P dur:2 cpbdur:2 q:26.78 aq:22.84 tex:424278 mv:45790 misc:2396 imb:660 pmb:7077 smb:423 d:s ref:0 ;
in:1645 out:1645 type:B dur:2 cpbdur:2 q:26.80 aq:24.27 tex:168345 mv:37413 misc:5746 imb:264 pmb:5641 smb:2255 d:s ref:0 ;
in:1644 out:1646 type:b dur:2 cpbdur:2 q:26.81 aq:24.73 tex:130996 mv:31333 misc:6879 imb:265 pmb:4631 smb:3264 d:s ref:0 ;
in:1646 out:1647 type:b dur:2 cpbdur:2 q:26.79 aq:24.72 tex:128219 mv:31508 misc:6921 imb:247 pmb:4642 smb:3271 d:- ref:0 ;
in:1651 out:1648 type:P dur:2 cpbdur:2 q:26.74 aq:22.75 tex:452483 mv:45906 misc:2083 imb:613 pmb:7247 smb:300 d:s ref:0 ;
in:1649 out:1649 type:B dur:2 cpbdur:2 q:26.76 aq:24.76 tex:195800 mv:38995 misc:5277 imb:253 pmb:5996 smb:1911 d:s ref:0 ;
in:1648 out:1650 type:b dur:2 cpbdur:2 q:26.77 aq:24.78 tex:161665 mv:34271 misc:6080 imb:349 pmb:5029 smb:2782 d:s ref:0 ;
in:1650 out:1651 type:b dur:2 cpbdur:2 q:26.75 aq:24.98 tex:174114 mv:33702 misc:6032 imb:300 pmb:5308 smb:2552 d:- ref:0 ;
in:1655 out:1652 type:P dur:2 cpbdur:2 q:26.71 aq:22.80 tex:442822 mv:46178 misc:2400 imb:602 pmb:7151 smb:407 d:s ref:0 ;
in:1653 out:1653 type:B dur:2 cpbdur:2 q:26.73 aq:24.20 tex:175368 mv:38615 misc:5601 imb:253 pmb:5714 smb:2193 d:s ref:0 ;
in:1652 out:1654 type:b dur:2 cpbdur:2 q:26.73 aq:24.76 tex:147090 mv:32465 misc:6493 imb:268 pmb:4930 smb:2962 d:s ref:0 ;
in:1654 out:1655 type:b dur:2 cpbdur:2 q:26.72 aq:24.84 tex:166681 mv:35020 misc:6059 imb:309 pmb:5253 smb:2598 d:- ref:0 ;
in:1659 out:1656 type:P dur:2 cpbdur:2 q:26.67 aq:22.73 tex:443977 mv:46743 misc:2512 imb:663 pmb:7061 smb:436 d:s ref:0 ;
in:1657 out:1657 type:B dur:2 cpbdur:2 q:26.69 aq:24.17 tex:183004 mv:39477 misc:5519 imb:269 pmb:5735 smb:2156 d:t ref:0 ;
in:1656 out:1658 type:b dur:2 cpbdur:2 q:26.70 aq:24.76 tex:148434 mv:34265 misc:6317 imb:271 pmb:5032 smb:2857 d:s ref:0 ;
in:1658 out:1659 type:b dur:2 cpbdur:2 q:26.68 aq:24.87 tex:165009 mv:34560 misc:6087 imb:300 pmb:5214 smb:2646 d:- ref:0 ;
in:1663 out:1660 type:P dur:2 cpbdur:2 q:26.64 aq:22.68 tex:441041 mv:46071 misc:2504 imb:675 pmb:6988 smb:497 d:s ref:0 ;
in:1661 out:1661 type:B dur:2 cpbdur:2 q:26.66 aq:24.25 tex:190569 mv:39765 misc:5290 imb:250 pmb:5845 smb:2065 d:t ref:0 ;
in:1660 out:1662 type:b dur:2 cpbdur:2 q:26.67 aq:24.69 tex:147340 mv:33625 misc:6403 imb:281 pmb:4936 smb:2943 d:s ref:0 ;
in:1662 out:1663 type:b dur:2 cpbdur:2 q:26.65 aq:24.87 tex:164218 mv:34529 misc:5997 imb:295 pmb:5222 smb:2643 d:- ref:0 ;
in:1667 out:1664 type:P dur:2 cpbdur:2 q:26.61 aq:22.72 tex:453416 mv:46595 misc:2493 imb:670 pmb:7021 smb:469 d:s ref:0 ;
in:1665 out:1665 type:B dur:2 cpbdur:2 q:26.62 aq:24.17 tex:182349 mv:39844 misc:5551 imb:249 pmb:5783 smb:2128 d:s ref:0 ;
in:1664 out:1666 type:b dur:2 cpbdur:2 q:26.63 aq:24.65 tex:145523 mv:33662 misc:6447 imb:254 pmb:4979 smb:2927 d:s ref:0 ;
in:1666 out:1667 type:b dur:2 cpbdur:2 q:26.61 aq:24.79 tex:168108 mv:34830 misc:5982 imb:299 pmb:5280 smb:2581 d:- ref:0 ;
in:1671 out:1668 type:P dur:2 cpbdur:2 q:26.58 aq:22.69 tex:445178 mv:46093 misc:2441 imb:675 pmb:7031 smb:454 d:s ref:0 ;
in:1669 out:1669 type:B dur:2 cpbdur:2 q:26.59 aq:24.02 tex:188605 mv:38478 misc:5557 imb:244 pmb:5805 smb:2111 d:s ref:0 ;
in:1668 out:1670 type:b dur:2 cpbdur:2 q:26.60 aq:24.61 tex:146049 mv:32437 misc:6498 imb:249 pmb:5036 smb:2875 d:s ref:0 ;
in:1670 out:1671 type:b dur:2 cpbdur:2 q:26.59 aq:24.71 tex:163539 mv:33466 misc:6019 imb:254 pmb:5248 smb:2658 d:- ref:0 ;
in:1675 out:1672 type:P dur:2 cpbdur:2 q:26.56 aq:22.65 tex:436627 mv:44609 misc:2436 imb:621 pmb:7110 smb:429 d:s ref:0 ;
in:1673 out:1673 type:B dur:2 cpbdur:2 q:26.57 aq:24.13 tex:189428 mv:38976 misc:5356 imb:268 pmb:5886 smb:2006 d:s ref:0 ;
in:1672 out:1674 type:b dur:2 cpbdur:2 q:26.58 aq:24.56 tex:143402 mv:31301 misc:6577 imb:280 pmb:4865 smb:3015 d:s ref:0 ;
in:1674 out:1675 type:b dur:2 cpbdur:2 q:26.56 aq:24.75 tex:162151 mv:33691 misc:6158 imb:273 pmb:5191 smb:2696 d:- ref:0 ;
in:1679 out:1676 type:P dur:2 cpbdur:2 q:26.54 aq:22.66 tex:458704 mv:46109 misc:2187 imb:667 pmb:7113 smb:380 d:s ref:0 ;
in:1677 out:1677 type:B dur:2 cpbdur:2 q:26.55 aq:24.03 tex:187550 mv:38890 misc:5384 imb:244 pmb:5832 smb:2084 d:s ref:0 ;
in:1676 out:1678 type:b dur:2 cpbdur:2 q:26.55 aq:24.62 tex:143838 mv:32194 misc:6536 imb:279 pmb:4939 smb:2942 d:s ref:0 ;
in:1678 out:1679 type:b dur:2 cpbdur:2 q:26.54 aq:24.65 tex:163678 mv:34393 misc:6113 imb:287 pmb:5210 smb:2663 d:- ref:0 ;
in:1683 out:1680 type:P dur:2 cpbdur:2 q:26.51 aq:22.63 tex:462359 mv:46633 misc:2288 imb:670 pmb:7099 smb:391 d:s ref:0 ;
in:1681 out:1681 type:B dur:2 cpbdur:2 q:26.52 aq:24.03 tex:195246 mv:38468 misc:5238 imb:256 pmb:5907 smb:1997 d:s ref:0 ;
in:1680 out:1682 type:b dur:2 cpbdur:2 q:26.53 aq:24.92 tex:192136 mv:34125 misc:5571 imb:239 pmb:5588 smb:2333 d:s ref:0 ;
in:1682 out:1683 type:b dur:2 cpbdur:2 q:26.52 aq:24.55 tex:142485 mv:32022 misc:6469 imb:239 pmb:4942 smb:2979 d:- ref:0 ;
in:1687 out:1684 type:P dur:2 cpbdur:2 q:26.48 aq:22.61 tex:450680 mv:45224 misc:2352 imb:652 pmb:7073 smb:435 d:s ref:0 ;
in:1685 out:1685 type:B dur:2 cpbdur:2 q:26.50 aq:24.09 tex:197331 mv:39815 misc:5262 imb:283 pmb:5866 smb:2011 d:s ref:0 ;
in:1684 out:1686 type:b dur:2 cpbdur:2 q:26.50 aq:24.65 tex:168394 mv:32963 misc:6131 imb:268 pmb:5190 smb:2702 d:s ref:0 ;
in:1686 out:1687 type:b dur:2 cpbdur:2 q:26.49 aq:24.56 tex:146478 mv:32645 misc:6517 imb:242 pmb:4975 smb:2943 d:- ref:0 ;
in:1691 out:1688 type:P dur:2 cpbdur:2 q:26.45 aq:22.65 tex:445532 mv:46055 misc:2421 imb:643 pmb:7034 smb:483 d:s ref:0 ;
in:1689 out:1689 type:B dur:2 cpbdur:2 q:26.46 aq:23.99 tex:192332 mv:39346 misc:5242 imb:268 pmb:5877 smb:2015 d:s ref:0 ;
in:1688 out:1690 type:b dur:2 cpbdur:2 q:26.47 aq:24.64 tex:170030 mv:33872 misc:5994 imb:250 pmb:5313 smb:2597 d:s ref:0 ;
in:1690 out:1691 type:b dur:2 cpbdur:2 q:26.46 aq:24.53 tex:148031 mv:32815 misc:6578 imb:246 pmb:4958 smb:2956 d:- ref:0 ;
in:1695 out:1692 type:P dur:2 cpbdur:2 q:26.42 aq:22.65 tex:442167 mv:45927 misc:2506 imb:666 pmb:6971 smb:523 d:s ref:0 ;
in:1693 out:1693 type:B dur:2 cpbdur:2 q:26.43 aq:23.94 tex:201237 mv:38108 misc:5183 imb:274 pmb:5916 smb:1970 d:s ref:0 ;
in:1692 out:1694 type:b dur:2 cpbdur:2 q:26.44 aq:24.63 tex:170931 mv:34934 misc:5959 imb:275 pmb:5326 smb:2559 d:s ref:0 ;
in:1694 out:1695 type:b dur:2 cpbdur:2 q:26.42 aq:24.42 tex:144480 mv:31454 misc:6506 imb:250 pmb:4913 smb:2997 d:- ref:0 ;
in:1699 out:1696 type:P dur:2 cpbdur:2 q:26.39 aq:22.64 tex:446517 mv:46158 misc:2509 imb:680 pmb:6956 smb:524 d:s ref:0 ;
in:1697 out:1697 type:B dur:2 cpbdur:2 q:26.40 aq:23.95 tex:204521 mv:40333 misc:5002 imb:265 pmb:5964 smb:1931 d:s ref:0 ;
in:1696 out:1698 type:b dur:2 cpbdur:2 q:26.41 aq:24.55 tex:173723 mv:34212 misc:5937 imb:279 pmb:5310 smb:2571 d:s ref:0 ;
in:1698 out:1699 type:b dur:2 cpbdur:2 q:26.39 aq:24.51 tex:149450 mv:33581 misc:6465 imb:241 pmb:5050 smb:2869 d:- ref:0 ;
in:1703 out:1700 type:P dur:2 cpbdur:2 q:26.36 aq:22.75 tex:444148 mv:46639 misc:2525 imb:670 pmb:6944 smb:546 d:s ref:0 ;
in:1701 out:1701 type:B dur:2 cpbdur:2 q:26.37 aq:23.92 tex:210160 mv:40428 misc:5068 imb:263 pmb:5991 smb:1906 d:s ref:0 ;
in:1700 out:1702 type:b dur:2 cpbdur:2 q:26.38 aq:24.59 tex:175007 mv:35302 misc:6059 imb:264 pmb:5347 smb:2549 d:s ref:0 ;
in:1702 out:1703 type:b dur:2 cpbdur:2 q:26.37 aq:24.46 tex:149240 mv:33507 misc:6421 imb:252 pmb:5035 smb:2873 d:- ref:0 ;
in:1707 out:1704 type:P dur:2 cpbdur:2 q:26.33 aq:22.78 tex:443984 mv:46630 misc:2506 imb:678 pmb:6869 smb:613 d:s ref:0 ;
in:1705 out:1705 type:B dur:2 cpbdur:2 q:26.35 aq:23.85 tex:206908 mv:40427 misc:5049 imb:252 pmb:5952 smb:1956 d:t ref:0 ;
in:1704 out:1706 type:b dur:2 cpbdur:2 q:26.35 aq:24.57 tex:176468 mv:34784 misc:5964 imb:274 pmb:5366 smb:2520 d:s ref:0 ;
in:1706 out:1707 type:b dur:2 cpbdur:2 q:26.34 aq:24.38 tex:154054 mv:33610 misc:6232 imb:235 pmb:5140 smb:2785 d:- ref:0 ;
in:1711 out:1708 type:P dur:2 cpbdur:2 q:26.30 aq:22.83 tex:432418 mv:45886 misc:2808 imb:679 pmb:6791 smb:690 d:s ref:0 ;
in:1709 out:1709 type:B dur:2 cpbdur:2 q:26.32 aq:24.00 tex:226878 mv:41632 misc:4666 imb:268 pmb:6140 smb:1752 d:s ref:0 ;
in:1708 out:1710 type:b dur:2 cpbdur:2 q:26.32 aq:24.57 tex:177456 mv:35337 misc:5903 imb:268 pmb:5370 smb:2522 d:s ref:0 ;
in:1710 out:1711 type:b dur:2 cpbdur:2 q:26.31 aq:24.66 tex:203508 mv:35843 misc:5249 imb:220 pmb:5752 smb:2188 d:- ref:0 ;
in:1715 out:1712 type:P dur:2 cpbdur:2 q:26.27 aq:22.96 tex:420992 mv:46292 misc:2972 imb:678 pmb:6668 smb:814 d:s ref:0 ;
in:1713 out:1713 type:B dur:2 cpbdur:2 q:26.29 aq:23.81 tex:210208 mv:40863 misc:5081 imb:264 pmb:5973 smb:1923 d:s ref:0 ;
in:1712 out:1714 type:b dur:2 cpbdur:2 q:26.30 aq:24.37 tex:160820 mv:34003 misc:6289 imb:247 pmb:5123 smb:2790 d:s ref:0 ;
in:1714 out:1715 type:b dur:2 cpbdur:2 q:26.28 aq:24.48 tex:176151 mv:35333 misc:5828 imb:251 pmb:5394 smb:2515 d:- ref:0 ;
in:1719 out:1716 type:P dur:2 cpbdur:2 q:26.25 aq:23.25 tex:365799 mv:44787 misc:3126 imb:685 pmb:6439 smb:1036 d:s ref:0 ;
in:1717 out:1717 type:B dur:2 cpbdur:2 q:26.26 aq:23.76 tex:216728 mv:40147 misc:4869 imb:247 pmb:6015 smb:1898 d:s ref:0 ;
in:1716 out:1718 type:b dur:2 cpbdur:2 q:26.27 aq:24.36 tex:159410 mv:33394 misc:6260 imb:238 pmb:5151 smb:2771 d:s ref:0 ;
in:1718 out:1719 type:b dur:2 cpbdur:2 q:26.25 aq:24.38 tex:176399 mv:33734 misc:5899 imb:229 pmb:5377 smb:2554 d:- ref:0 ;
in:1723 out:1720 type:P dur:2 cpbdur:2 q:26.21 aq:23.83 tex:258534 mv:41591 misc:3867 imb:746 pmb:5741 smb:1673 d:s ref:0 ;
in:1721 out:1721 type:B dur:2 cpbdur:2 q:26.23 aq:23.89 tex:204016 mv:39189 misc:4963 imb:243 pmb:5924 smb:1993 d:s ref:0 ;
in:1720 out:1722 type:b dur:2 cpbdur:2 q:26.24 aq:24.35 tex:158582 mv:33438 misc:6348 imb:234 pmb:5158 smb:2768 d:s ref:0 ;
in:1722 out:1723 type:b dur:2 cpbdur:2 q:26.22 aq:24.40 tex:171683 mv:34364 misc:6017 imb:265 pmb:5348 smb:2547 d:- ref:0 ;
in:1724 out:1724 type:P dur:2 cpbdur:2 q:26.18 aq:24.41 tex:208180 mv:37774 misc:4806 imb:645 pmb:5429 smb:2086 d:s ref:0 ;
in:1725 out:1725 type:P dur:2 cpbdur:2 q:26.17 aq:22.10 tex:588152 mv:41729 misc:623 imb:8150 pmb:10 smb:0 d:s ref:0 ;
in:1726 out:1726 type:P dur:2 cpbdur:2 q:26.17 aq:22.28 tex:524813 mv:59509 misc:662 imb:5607 pmb:2548 smb:5 d:s ref:0 ;
in:1727 out:1727 type:P dur:2 cpbdur:2 q:26.18 aq:22.18 tex:529883 mv:57404 misc:681 imb:5950 pmb:2205 smb:5 d:s ref:0 ;
in:1728 out:1728 type:P dur:2 cpbdur:2 q:26.18 aq:22.11 tex:519297 mv:57389 misc:730 imb:6034 pmb:2122 smb:4 d:s ref:0 ;
in:1729 out:1729 type:P dur:2 cpbdur:2 q:26.18 aq:22.15 tex:511040 mv:59386 misc:718 imb:5717 pmb:2438 smb:5 d:s ref:0 ;
in:1730 out:1730 type:P dur:2 cpbdur:2 q:26.18 aq:22.08 tex:506272 mv:58527 misc:729 imb:5828 pmb:2326 smb:6 d:s ref:0 ;
in:1731 out:1731 type:P dur:2 cpbdur:2 q:26.18 aq:22.07 tex:516207 mv:59795 misc:662 imb:5659 pmb:2495 smb:6 d:s ref:0 ;
in:1732 out:1732 type:P dur:2 cpbdur:2 q:26.18 aq:22.08 tex:508702 mv:59218 misc:704 imb:5735 pmb:2414 smb:11 d:s ref:0 ;
in:1733 out:1733 type:P dur:2 cpbdur:2 q:26.18 aq:22.08 tex:500661 mv:60568 misc:715 imb:5545 pmb:2603 smb:12 d:s ref:0 ;
in:1734 out:1734 type:P dur:2 cpbdur:2 q:26.18 aq:22.11 tex:502396 mv:59038 misc:758 imb:5590 pmb:2558 smb:12 d:s ref:0 ;
in:1735 out:1735 type:P dur:2 cpbdur:2 q:26.18 aq:22.12 tex:514821 mv:58731 misc:696 imb:5636 pmb:2514 smb:10 d:s ref:0 ;
in:1736 out:1736 type:P dur:2 cpbdur:2 q:26.18 aq:22.04 tex:507411 mv:59982 misc:719 imb:5578 pmb:2571 smb:11 d:s ref:0 ;
in:1737 out:1737 type:P dur:2 cpbdur:2 q:26.18 aq:22.05 tex:512727 mv:60440 misc:673 imb:5453 pmb:2702 smb:5 d:s ref:0 ;
in:1738 out:1738 type:P dur:2 cpbdur:2 q:26.18 aq:21.98 tex:494760 mv:60230 misc:690 imb:5429 pmb:2721 smb:10 d:s ref:0 ;
in:1739 out:1739 type:P dur:2 cpbdur:2 q:26.17 aq:22.23 tex:542185 mv:58237 misc:730 imb:5392 pmb:2761 smb:7 d:s ref:0 ;
in:1740 out:1740 type:P dur:2 cpbdur:2 q:26.18 aq:21.93 tex:490805 mv:57387 misc:808 imb:5815 pmb:2309 smb:36 d:s ref:0 ;
in:1741 out:1741 type:P dur:2 cpbdur:2 q:26.20 aq:22.01 tex:491202 mv:60515 misc:907 imb:5272 pmb:2836 smb:52 d:s ref:0 ;
in:1742 out:1742 type:I dur:2 cpbdur:2 q:23.34 aq:19.05 tex:810518 mv:255962 misc:472 imb:8160 pmb:0 smb:0 d:s ref:;
in:1746 out:1743 type:P dur:2 cpbdur:2 q:26.26 aq:22.00 tex:608304 mv:51771 misc:709 imb:6519 pmb:1638 smb:3 d:s ref:0 ;
in:1744 out:1744 type:B dur:2 cpbdur:2 q:26.26 aq:22.09 tex:404935 mv:89327 misc:1234 imb:4085 pmb:3858 smb:217 d:s ref:0 ;
in:1743 out:1745 type:b dur:2 cpbdur:2 q:26.26 aq:22.30 tex:359058 mv:88293 misc:1513 imb:3270 pmb:4605 smb:285 d:s ref:0 ;
in:1745 out:1746 type:b dur:2 cpbdur:2 q:26.26 aq:22.32 tex:368364 mv:84581 misc:1575 imb:3357 pmb:4494 smb:309 d:- ref:0 ;
in:1750 out:1747 type:P dur:2 cpbdur:2 q:26.29 aq:22.17 tex:556954 mv:62578 misc:996 imb:5112 pmb:2974 smb:74 d:s ref:0 ;
in:1748 out:1748 type:B dur:2 cpbdur:2 q:26.27 aq:22.01 tex:343572 mv:87174 misc:1894 imb:2637 pmb:5121 smb:402 d:s ref:0 ;
in:1747 out:1749 type:b dur:2 cpbdur:2 q:26.27 aq:22.22 tex:340330 mv:83977 misc:2013 imb:2895 pmb:4848 smb:417 d:s ref:0 ;
in:1749 out:1750 type:b dur:2 cpbdur:2 q:26.28 aq:22.36 tex:332127 mv:80876 misc:1989 imb:2678 pmb:5041 smb:441 d:- ref:0 ;
in:1754 out:1751 type:P dur:2 cpbdur:2 q:26.32 aq:21.98 tex:523582 mv:59652 misc:1182 imb:5367 pmb:2671 smb:122 d:s ref:0 ;
in:1752 out:1752 type:B dur:2 cpbdur:2 q:26.30 aq:22.37 tex:415994 mv:82230 misc:1640 imb:2865 pmb:4913 smb:382 d:s ref:0 ;
in:1751 out:1753 type:b dur:2 cpbdur:2 q:26.29 aq:22.41 tex:343484 mv:85109 misc:2207 imb:2855 pmb:4800 smb:505 d:s ref:0 ;
in:1753 out:1754 type:b dur:2 cpbdur:2 q:26.31 aq:22.33 tex:319165 mv:84468 misc:2239 imb:2640 pmb:5003 smb:517 d:- ref:0 ;
in:1758 out:1755 type:P dur:2 cpbdur:2 q:26.34 aq:22.20 tex:559344 mv:56208 misc:1256 imb:5359 pmb:2663 smb:138 d:s ref:0 ;
in:1756 out:1756 type:B dur:2 cpbdur:2 q:26.33 aq:22.18 tex:342739 mv:86436 misc:1873 imb:2541 pmb:5179 smb:440 d:s ref:0 ;
in:1755 out:1757 type:b dur:2 cpbdur:2 q:26.32 aq:22.34 tex:296869 mv:81809 misc:2530 imb:2482 pmb:5105 smb:573 d:s ref:0 ;
in:1757 out:1758 type:b dur:2 cpbdur:2 q:26.33 aq:22.35 tex:316330 mv:82745 misc:2397 imb:2736 pmb:4830 smb:594 d:- ref:0 ;
in:1762 out:1759 type:P dur:2 cpbdur:2 q:26.35 aq:22.24 tex:532545 mv:57793 misc:1174 imb:5236 pmb:2811 smb:113 d:s ref:0 ;
in:1760 out:1760 type:B dur:2 cpbdur:2 q:26.35 aq:22.28 tex:335429 mv:84354 misc:2081 imb:2726 pmb:4931 smb:503 d:t ref:0 ;
in:1759 out:1761 type:b dur:2 cpbdur:2 q:26.34 aq:22.52 tex:345957 mv:81238 misc:1981 imb:2844 pmb:4778 smb:538 d:s ref:0 ;
in:1761 out:1762 type:b dur:2 cpbdur:2 q:26.35 aq:22.42 tex:339600 mv:80806 misc:2002 imb:2615 pmb:4956 smb:589 d:- ref:0 ;
in:1766 out:1763 type:P dur:2 cpbdur:2 q:26.38 aq:22.24 tex:536184 mv:56877 misc:819 imb:5321 pmb:2806 smb:33 d:s ref:0 ;
in:1764 out:1764 type:B dur:2 cpbdur:2 q:26.37 aq:22.46 tex:380228 mv:77477 misc:1895 imb:3138 pmb:4518 smb:504 d:s ref:0 ;
in:1763 out:1765 type:b dur:2 cpbdur:2 q:26.36 aq:22.56 tex:360960 mv:78860 misc:1940 imb:2872 pmb:4714 smb:574 d:s ref:0 ;
in:1765 out:1766 type:b dur:2 cpbdur:2 q:26.38 aq:22.53 tex:351370 mv:79864 misc:1878 imb:2862 pmb:4695 smb:603 d:- ref:0 ;
in:1770 out:1767 type:P dur:2 cpbdur:2 q:26.42 aq:22.39 tex:547977 mv:54780 misc:947 imb:5499 pmb:2616 smb:45 d:s ref:0 ;
in:1768 out:1768 type:B dur:2 cpbdur:2 q:26.40 aq:22.56 tex:378128 mv:79835 misc:1965 imb:2657 pmb:4933 smb:570 d:s ref:0 ;
in:1767 out:1769 type:b dur:2 cpbdur:2 q:26.39 aq:22.66 tex:348329 mv:77786 misc:1893 imb:2954 pmb:4595 smb:611 d:s ref:0 ;
in:1769 out:1770 type:b dur:2 cpbdur:2 q:26.41 aq:22.52 tex:336746 mv:79992 misc:2046 imb:2896 pmb:4582 smb:682 d:- ref:0 ;
in:1774 out:1771 type:P dur:2 cpbdur:2 q:26.46 aq:22.43 tex:548420 mv:56309 misc:1239 imb:5148 pmb:2897 smb:115 d:s ref:0 ;
in:1772 out:1772 type:B dur:2 cpbdur:2 q:26.44 aq:22.59 tex:349856 mv:79569 misc:2143 imb:2742 pmb:4753 smb:665 d:s ref:0 ;
in:1771 out:1773 type:b dur:2 cpbdur:2 q:26.43 aq:22.67 tex:337689 mv:76418 misc:2381 imb:2891 pmb:4468 smb:801 d:s ref:0 ;
in:1773 out:1774 type:b dur:2 cpbdur:2 q:26.45 aq:22.70 tex:317953 mv:77147 misc:2380 imb:2836 pmb:4497 smb:827 d:- ref:0 ;
in:1778 out:1775 type:P dur:2 cpbdur:2 q:26.50 aq:22.40 tex:530408 mv:54485 misc:1395 imb:5301 pmb:2687 smb:172 d:s ref:0 ;
in:1776 out:1776 type:B dur:2 cpbdur:2 q:26.48 aq:22.69 tex:374813 mv:77511 misc:2060 imb:3079 pmb:4397 smb:684 d:s ref:0 ;
in:1775 out:1777 type:b dur:2 cpbdur:2 q:26.47 aq:22.65 tex:333786 mv:76380 misc:2226 imb:2794 pmb:4522 smb:844 d:s ref:0 ;
in:1777 out:1778 type:b dur:2 cpbdur:2 q:26.49 aq:22.82 tex:316965 mv:75518 misc:2477 imb:2772 pmb:4493 smb:895 d:- ref:0 ;
in:1782 out:1779 type:P dur:2 cpbdur:2 q:26.53 aq:22.49 tex:528140 mv:52550 misc:1526 imb:5409 pmb:2544 smb:207 d:s ref:0 ;
in:1780 out:1780 type:B dur:2 cpbdur:2 q:26.52 aq:22.78 tex:354952 mv:76085 misc:2203 imb:2600 pmb:4816 smb:744 d:s ref:0 ;
in:1779 out:1781 type:b dur:2 cpbdur:2 q:26.51 aq:22.76 tex:324007 mv:74103 misc:2482 imb:2815 pmb:4433 smb:912 d:s ref:0 ;
in:1781 out:1782 type:b dur:2 cpbdur:2 q:26.52 aq:22.77 tex:316533 mv:74336 misc:2475 imb:2806 pmb:4418 smb:936 d:- ref:0 ;
in:1786 out:1783 type:P dur:2 cpbdur:2 q:26.56 aq:22.53 tex:582073 mv:54214 misc:1529 imb:5120 pmb:2805 smb:235 d:s ref:0 ;
in:1784 out:1784 type:B dur:2 cpbdur:2 q:26.55 aq:22.98 tex:361567 mv:75605 misc:2348 imb:2719 pmb:4591 smb:850 d:t ref:0 ;
in:1783 out:1785 type:b dur:2 cpbdur:2 q:26.54 aq:22.90 tex:328927 mv:74954 misc:2543 imb:2779 pmb:4388 smb:993 d:s ref:0 ;
in:1785 out:1786 type:b dur:2 cpbdur:2 q:26.55 aq:22.98 tex:328687 mv:75177 misc:2448 imb:2743 pmb:4453 smb:964 d:- ref:0 ;
in:1790 out:1787 type:P dur:2 cpbdur:2 q:26.59 aq:22.66 tex:538617 mv:52046 misc:1657 imb:5150 pmb:2749 smb:261 d:s ref:0 ;
in:1788 out:1788 type:B dur:2 cpbdur:2 q:26.58 aq:22.89 tex:365378 mv:74619 misc:2315 imb:2864 pmb:4394 smb:902 d:s ref:0 ;
in:1787 out:1789 type:b dur:2 cpbdur:2 q:26.57 aq:23.10 tex:319933 mv:71348 misc:2543 imb:2787 pmb:4344 smb:1029 d:s ref:0 ;
in:1789 out:1790 type:b dur:2 cpbdur:2 q:26.59 aq:22.90 tex:299387 mv:70102 misc:2807 imb:2642 pmb:4270 smb:1248 d:- ref:0 ;
in:1794 out:1791 type:P dur:2 cpbdur:2 q:26.61 aq:22.76 tex:521024 mv:50923 misc:1741 imb:5136 pmb:2731 smb:293 d:s ref:0 ;
in:1792 out:1792 type:B dur:2 cpbdur:2 q:26.60 aq:22.90 tex:327996 mv:71539 misc:2561 imb:2428 pmb:4675 smb:1057 d:s ref:0 ;
in:1791 out:1793 type:b dur:2 cpbdur:2 q:26.60 aq:22.87 tex:308362 mv:69810 misc:2588 imb:2683 pmb:4223 smb:1254 d:s ref:0 ;
in:1793 out:1794 type:b dur:2 cpbdur:2 q:26.61 aq:22.84 tex:310128 mv:69976 misc:2672 imb:2651 pmb:4224 smb:1285 d:- ref:0 ;
in:1798 out:1795 type:P dur:2 cpbdur:2 q:26.63 aq:22.74 tex:572437 mv:52284 misc:1119 imb:4754 pmb:3307 smb:99 d:s ref:0 ;
in:1796 out:1796 type:B dur:2 cpbdur:2 q:26.62 aq:22.84 tex:319444 mv:71562 misc:2618 imb:2607 pmb:4384 smb:1169 d:s ref:0 ;
in:1795 out:1797 type:b dur:2 cpbdur:2 q:26.62 aq:22.85 tex:309243 mv:69879 misc:2686 imb:2633 pmb:4206 smb:1321 d:s ref:0 ;
in:1797 out:1798 type:b dur:2 cpbdur:2 q:26.62 aq:22.96 tex:317391 mv:70194 misc:2647 imb:2812 pmb:4053 smb:1295 d:- ref:0 ;
in:1802 out:1799 type:P dur:2 cpbdur:2 q:26.63 aq:22.75 tex:486785 mv:50337 misc:1430 imb:5046 pmb:2943 smb:171 d:s ref:0 ;
in:1800 out:1800 type:B dur:2 cpbdur:2 q:26.63 aq:22.97 tex:324825 mv:68928 misc:2647 imb:2674 pmb:4269 smb:1217 d:t ref:0 ;
in:1799 out:1801 type:b dur:2 cpbdur:2 q:26.63 aq:22.96 tex:313065 mv:69134 misc:2601 imb:2828 pmb:4021 smb:1311 d:s ref:0 ;
in:1801 out:1802 type:b dur:2 cpbdur:2 q:26.63 aq:22.86 tex:300589 mv:68534 misc:2853 imb:2595 pmb:4191 smb:1374 d:- ref:0 ;
in:1806 out:1803 type:P dur:2 cpbdur:2 q:26.63 aq:22.69 tex:451999 mv:50095 misc:2034 imb:4866 pmb:2903 smb:391 d:s ref:0 ;
in:1804 out:1804 type:B dur:2 cpbdur:2 q:26.63 aq:22.97 tex:321465 mv:67709 misc:2498 imb:2296 pmb:4607 smb:1257 d:s ref:0 ;
in:1803 out:1805 type:b dur:2 cpbdur:2 q:26.63 aq:22.80 tex:318657 mv:70781 misc:2538 imb:2736 pmb:4073 smb:1351 d:s ref:0 ;
in:1805 out:1806 type:b dur:2 cpbdur:2 q:26.63 aq:22.94 tex:299873 mv:67438 misc:2657 imb:2704 pmb:4082 smb:1374 d:- ref:0 ;
in:1810 out:1807 type:P dur:2 cpbdur:2 q:26.63 aq:22.74 tex:443305 mv:50981 misc:2346 imb:4746 pmb:2926 smb:488 d:s ref:0 ;
in:1808 out:1808 type:B dur:2 cpbdur:2 q:26.63 aq:22.86 tex:309880 mv:69841 misc:2639 imb:2538 pmb:4323 smb:1299 d:t ref:0 ;
in:1807 out:1809 type:b dur:2 cpbdur:2 q:26.63 aq:22.79 tex:306704 mv:68897 misc:2639 imb:2699 pmb:4080 smb:1381 d:s ref:0 ;
in:1809 out:1810 type:b dur:2 cpbdur:2 q:26.63 aq:22.89 tex:307505 mv:68809 misc:2750 imb:2755 pmb:4037 smb:1368 d:- ref:0 ;
in:1814 out:1811 type:P dur:2 cpbdur:2 q:26.63 aq:22.70 tex:428177 mv:49688 misc:2287 imb:4912 pmb:2755 smb:493 d:s ref:0 ;
in:1812 out:1812 type:B dur:2 cpbdur:2 q:26.63 aq:22.88 tex:322511 mv:69074 misc:2663 imb:2590 pmb:4280 smb:1290 d:s ref:0 ;
in:1811 out:1813 type:b dur:2 cpbdur:2 q:26.63 aq:22.79 tex:320020 mv:69180 misc:2584 imb:2739 pmb:4067 smb:1354 d:s ref:0 ;
in:1813 out:1814 type:b dur:2 cpbdur:2 q:26.63 aq:22.93 tex:297007 mv:68198 misc:2731 imb:2618 pmb:4177 smb:1365 d:- ref:0 ;
in:1818 out:1815 type:P dur:2 cpbdur:2 q:26.63 aq:22.64 tex:444834 mv:50224 misc:2318 imb:4878 pmb:2722 smb:560 d:s ref:0 ;
in:1816 out:1816 type:B dur:2 cpbdur:2 q:26.63 aq:22.98 tex:315449 mv:67844 misc:2619 imb:2350 pmb:4520 smb:1290 d:s ref:0 ;
in:1815 out:1817 type:b dur:2 cpbdur:2 q:26.63 aq:22.91 tex:304092 mv:67659 misc:2617 imb:2762 pmb:4030 smb:1368 d:s ref:0 ;
in:1817 out:1818 type:b dur:2 cpbdur:2 q:26.63 aq:22.90 tex:308105 mv:69869 misc:2666 imb:2783 pmb:4004 smb:1373 d:- ref:0 ;
in:1822 out:1819 type:P dur:2 cpbdur:2 q:26.64 aq:22.85 tex:428950 mv:49289 misc:2353 imb:4876 pmb:2687 smb:597 d:s ref:0 ;
in:1820 out:1820 type:B dur:2 cpbdur:2 q:26.63 aq:22.82 tex:316741 mv:71277 misc:2590 imb:2491 pmb:4375 smb:1294 d:s ref:0 ;
in:1819 out:1821 type:b dur:2 cpbdur:2 q:26.63 aq:22.82 tex:316240 mv:70069 misc:2635 imb:2764 pmb:4030 smb:1366 d:s ref:0 ;
in:1821 out:1822 type:b dur:2 cpbdur:2 q:26.63 aq:22.89 tex:317273 mv:69898 misc:2573 imb:2859 pmb:3967 smb:1334 d:- ref:0 ;
in:1826 out:1823 type:P dur:2 cpbdur:2 q:26.64 aq:22.70 tex:424162 mv:49821 misc:2409 imb:4915 pmb:2652 smb:593 d:s ref:0 ;
in:1824 out:1824 type:B dur:2 cpbdur:2 q:26.64 aq:22.90 tex:320939 mv:69469 misc:2688 imb:2500 pmb:4369 smb:1291 d:t ref:0 ;
in:1823 out:1825 type:b dur:2 cpbdur:2 q:26.64 aq:22.89 tex:312555 mv:68892 misc:2665 imb:2668 pmb:4139 smb:1353 d:s ref:0 ;
in:1825 out:1826 type:b dur:2 cpbdur:2 q:26.64 aq:22.86 tex:310411 mv:69953 misc:2700 imb:2683 pmb:4114 smb:1363 d:- ref:0 ;
in:1830 out:1827 type:P dur:2 cpbdur:2 q:26.65 aq:22.89 tex:478640 mv:50498 misc:1358 imb:4849 pmb:3144 smb:167 d:s ref:0 ;
in:1828 out:1828 type:B dur:2 cpbdur:2 q:26.65 aq:23.02 tex:318528 mv:68586 misc:2630 imb:2444 pmb:4449 smb:1267 d:t ref:0 ;
in:1827 out:1829 type:b dur:2 cpbdur:2 q:26.64 aq:22.95 tex:307286 mv:68553 misc:2601 imb:2723 pmb:4087 smb:1350 d:s ref:0 ;
in:1829 out:1830 type:b dur:2 cpbdur:2 q:26.65 aq:22.95 tex:314659 mv:69144 misc:2685 imb:2760 pmb:4065 smb:1335 d:- ref:0 ;
in:1834 out:1831 type:P dur:2 cpbdur:2 q:26.66 aq:22.88 tex:450957 mv:51431 misc:1900 imb:4873 pmb:2977 smb:310 d:s ref:0 ;
in:1832 out:1832 type:B dur:2 cpbdur:2 q:26.65 aq:22.89 tex:320085 mv:71546 misc:2577 imb:2593 pmb:4324 smb:1243 d:s ref:0 ;
in:1831 out:1833 type:b dur:2 cpbdur:2 q:26.65 aq:22.80 tex:319680 mv:69977 misc:2503 imb:2852 pmb:3963 smb:1345 d:s ref:0 ;
in:1833 out:1834 type:b dur:2 cpbdur:2 q:26.66 aq:22.93 tex:308581 mv:69485 misc:2670 imb:2687 pmb:4107 smb:1366 d:- ref:0 ;
in:1838 out:1835 type:P dur:2 cpbdur:2 q:26.67 aq:22.84 tex:443054 mv:51881 misc:2001 imb:4874 pmb:2950 smb:336 d:s ref:0 ;
in:1836 out:1836 type:B dur:2 cpbdur:2 q:26.67 aq:23.02 tex:328221 mv:69129 misc:2610 imb:2507 pmb:4408 smb:1245 d:s ref:0 ;
in:1835 out:1837 type:b dur:2 cpbdur:2 q:26.66 aq:22.91 tex:312380 mv:69769 misc:2627 imb:2789 pmb:4010 smb:1361 d:s ref:0 ;
in:1837 out:1838 type:b dur:2 cpbdur:2 q:26.67 aq:22.90 tex:305556 mv:69843 misc:2689 imb:2804 pmb:3989 smb:1367 d:- ref:0 ;
in:1842 out:1839 type:P dur:2 cpbdur:2 q:26.68 aq:22.99 tex:436236 mv:49710 misc:2294 imb:4928 pmb:2738 smb:494 d:s ref:0 ;
in:1840 out:1840 type:B dur:2 cpbdur:2 q:26.68 aq:23.02 tex:313984 mv:69664 misc:2624 imb:2437 pmb:4456 smb:1267 d:t ref:0 ;
in:1839 out:1841 type:b dur:2 cpbdur:2 q:26.67 aq:22.92 tex:323223 mv:68901 misc:2556 imb:2809 pmb:4016 smb:1335 d:s ref:0 ;
in:1841 out:1842 type:b dur:2 cpbdur:2 q:26.68 aq:23.03 tex:300484 mv:67525 misc:2703 imb:2706 pmb:4095 smb:1359 d:- ref:0 ;
in:1846 out:1843 type:P dur:2 cpbdur:2 q:26.69 aq:23.03 tex:419465 mv:49534 misc:2401 imb:4915 pmb:2654 smb:591 d:s ref:0 ;
in:1844 out:1844 type:B dur:2 cpbdur:2 q:26.69 aq:22.98 tex:310126 mv:70406 misc:2700 imb:2465 pmb:4412 smb:1283 d:s ref:0 ;
in:1843 out:1845 type:b dur:2 cpbdur:2 q:26.68 aq:22.93 tex:314431 mv:68682 misc:2671 imb:2870 pmb:3935 smb:1355 d:s ref:0 ;
in:1845 out:1846 type:b dur:2 cpbdur:2 q:26.69 aq:23.01 tex:310385 mv:68616 misc:2639 imb:2745 pmb:4071 smb:1344 d:- ref:0 ;
in:1850 out:1847 type:P dur:2 cpbdur:2 q:26.69 aq:23.00 tex:413981 mv:50625 misc:2434 imb:4845 pmb:2650 smb:665 d:s ref:0 ;
in:1848 out:1848 type:B dur:2 cpbdur:2 q:26.69 aq:23.06 tex:324114 mv:68582 misc:2664 imb:2505 pmb:4397 smb:1258 d:t ref:0 ;
in:1847 out:1849 type:b dur:2 cpbdur:2 q:26.69 aq:22.99 tex:310763 mv:67769 misc:2764 imb:2864 pmb:3918 smb:1378 d:s ref:0 ;
in:1849 out:1850 type:b dur:2 cpbdur:2 q:26.69 aq:23.00 tex:307323 mv:67151 misc:2638 imb:2794 pmb:4015 smb:1351 d:- ref:0 ;
in:1854 out:1851 type:P dur:2 cpbdur:2 q:26.70 aq:23.09 tex:418393 mv:49049 misc:2398 imb:4903 pmb:2460 smb:797 d:s ref:0 ;
in:1852 out:1852 type:B dur:2 cpbdur:2 q:26.70 aq:23.08 tex:303353 mv:68449 misc:2670 imb:2376 pmb:4513 smb:1271 d:s ref:0 ;
in:1851 out:1853 type:b dur:2 cpbdur:2 q:26.70 aq:23.02 tex:308903 mv:66535 misc:2586 imb:2836 pmb:3956 smb:1368 d:s ref:0 ;
in:1853 out:1854 type:b dur:2 cpbdur:2 q:26.70 aq:23.01 tex:306115 mv:67943 misc:2702 imb:2778 pmb:4023 smb:1359 d:- ref:0 ;
in:1858 out:1855 type:P dur:2 cpbdur:2 q:26.70 aq:23.13 tex:401619 mv:48352 misc:2461 imb:4887 pmb:2347 smb:926 d:s ref:0 ;
in:1856 out:1856 type:B dur:2 cpbdur:2 q:26.70 aq:22.95 tex:315824 mv:70814 misc:2642 imb:2450 pmb:4444 smb:1266 d:s ref:0 ;
in:1855 out:1857 type:b dur:2 cpbdur:2 q:26.70 aq:22.94 tex:308039 mv:66751 misc:2570 imb:2801 pmb:4006 smb:1353 d:s ref:0 ;
in:1857 out:1858 type:b dur:2 cpbdur:2 q:26.70 aq:23.05 tex:309598 mv:67637 misc:2733 imb:2817 pmb:3988 smb:1355 d:- ref:0 ;
in:1862 out:1859 type:P dur:2 cpbdur:2 q:26.69 aq:23.11 tex:399551 mv:48723 misc:2606 imb:4798 pmb:2406 smb:956 d:s ref:0 w:7,117,2,7,115,13,112,16 ;
in:1860 out:1860 type:B dur:2 cpbdur:2 q:26.69 aq:23.54 tex:439913 mv:71953 misc:2230 imb:5807 pmb:1671 smb:682 d:s ref:0 ;
in:1859 out:1861 type:b dur:2 cpbdur:2 q:26.70 aq:23.03 tex:330555 mv:65833 misc:2556 imb:3195 pmb:3629 smb:1336 d:t ref:0 ;
in:1861 out:1862 type:b dur:2 cpbdur:2 q:26.69 aq:23.05 tex:371684 mv:47533 misc:2663 imb:4047 pmb:2770 smb:1343 d:- ref:0 ;
in:1866 out:1863 type:P dur:2 cpbdur:2 q:26.69 aq:22.68 tex:382334 mv:43964 misc:2566 imb:4420 pmb:2588 smb:1152 d:s ref:0 w:6,35,7,7,73,55,80,48 ;
in:1864 out:1864 type:B dur:2 cpbdur:2 q:26.69 aq:23.75 tex:526269 mv:61875 misc:880 imb:7037 pmb:1088 smb:35 d:s ref:0 ;
in:1863 out:1865 type:b dur:2 cpbdur:2 q:26.69 aq:23.04 tex:422268 mv:53124 misc:2344 imb:5431 pmb:1537 smb:1192 d:s ref:0 ;
in:1865 out:1866 type:b dur:2 cpbdur:2 q:26.69 aq:23.20 tex:448895 mv:55549 misc:2124 imb:6462 pmb:724 smb:974 d:- ref:0 ;
in:1868 out:1867 type:P dur:2 cpbdur:2 q:26.68 aq:22.63 tex:379709 mv:40448 misc:2819 imb:4322 pmb:2804 smb:1034 d:s ref:0 w:7,63,6,7,63,65,102,25 ;
in:1867 out:1868 type:b dur:2 cpbdur:2 q:26.68 aq:23.23 tex:460777 mv:52045 misc:2130 imb:6849 pmb:526 smb:785 d:s ref:0 ;
in:1869 out:1869 type:P dur:2 cpbdur:2 q:26.68 aq:22.89 tex:426803 mv:44208 misc:2605 imb:5097 pmb:2459 smb:604 d:s ref:0 w:7,87,3,7,85,43,97,31 ;
in:1870 out:1870 type:P dur:2 cpbdur:2 q:26.68 aq:22.93 tex:428944 mv:43572 misc:1588 imb:5506 pmb:2470 smb:184 d:s ref:0 w:7,83,4,7,109,19,29,99 ;
in:1871 out:1871 type:P dur:2 cpbdur:2 q:26.68 aq:22.75 tex:461823 mv:44509 misc:932 imb:6031 pmb:2090 smb:39 d:s ref:0 w:5,23,2,7,94,35,59,69 ;
in:1872 out:1872 type:P dur:2 cpbdur:2 q:26.68 aq:22.26 tex:413259 mv:48421 misc:824 imb:6736 pmb:1396 smb:28 d:s ref:0 w:6,49,1,6,79,-31,27,74 ;
in:1873 out:1873 type:P dur:2 cpbdur:2 q:26.69 aq:21.24 tex:296456 mv:31353 misc:951 imb:7476 pmb:623 smb:61 d:s ref:0 w:7,93,4,6,17,94,64,0 ;
in:1874 out:1874 type:P dur:2 cpbdur:2 q:26.69 aq:20.80 tex:257385 mv:30512 misc:1151 imb:7414 pmb:637 smb:109 d:s ref:0 ;
